quarter,pdvmil,pdvmily,wara_later,wara,pgdp,rgdp,rcons,rcdur,rcnd,rcsv,rcndsv,rinv,rinvfx,rnri,rres,rgov,rfed,rdef,rsl,kcdur,tothours,milithours,totpop,fr25_64pop16,fr25_64pop,tothoursces,nwmfg,pman,cpi,ppi,pbus,nwbus,BAA,tb3,romerexog,amtss,amtbr,spf_rfedlag,spf_rfed0,spf_rfed1,spf_rfed2,spf_rfed3,spf_rfed4,spf_rsllag,spf_rsl0,spf_rsl1,spf_rsl2,spf_rsl3,spf_rsl4,spf_ndeflag,spf_ndef0,spf_ndef1,spf_ndef2,spf_ndef3,spf_ndef4,spf_pgdplag,spf_pgdp0,spf_pgdp1,spf_pgdp2,spf_pgdp3,spf_pgdp4
1939,0.5,0.006,.,.,10.87490585,8.27097,8.903867,2.674537,16.17316,7.952937,.,3.871648,4.04713,3.085607,8.381926,10.29587,9.269643,3.034027,.,3.436602,107.8455059,0.627877062,130763.25,0.684249997,0.497500002,.,0.49000001,13.46014404,13.9333334,13.26666641,.,.,5.019999981,0.029999999,.,0.025,0.050999999,.,.,.,.,.,.,.,.,.,.,.,.,.,.,.,.,.,.,.,.,.,.,.,.
1939.25,0,0.000,.,.,10.77654748,8.37198,9.233281,2.842816,16.82255,8.047124,.,3.343956,4.166428,3.264018,8.168047,10.25256,9.446696,3.329588,.,3.461079,108.0468908,0.635226793,131028,0.684000015,0.497999996,.,0.49000001,13.41535282,13.80000019,13.0666666,.,.,5.04333353,0.029999999,.,0.025,0.050999999,.,.,.,.,.,.,.,.,.,.,.,.,.,.,.,.,.,.,.,.,.,.,.,.
1939.5,0.7,0.008,.,.,10.85149955,8.635213,9.300076,3.00219,16.52958,8.110264,.,4.443005,4.327064,3.506525,7.865519,9.793538,8.430821,3.59898,.,3.490228,108.5723749,0.731298283,131301.5,0.683750033,0.49849999,.,0.486666679,13.448946,13.90000057,13.16666698,.,.,4.896666527,0.076666668,.,0.025,0.050999999,.,.,.,.,.,.,.,.,.,.,.,.,.,.,.,.,.,.,.,.,.,.,.,.
1939.75,0,0.000,.,.,10.9391186,8.677839,9.350774,3.048456,17.01471,8.173676,.,4.221391,4.531379,3.74785,7.836507,9.926039,9.160838,3.813405,.,3.525,110.0269909,0.827369774,131575,0.683500051,0.499000013,.,0.50999999,13.77369213,14,13.66666698,.,.,4.883333206,0.046666667,.,0.025,0.050999999,.,.,.,.,.,.,.,.,.,.,.,.,.,.,.,.,.,.,.,.,.,.,.,.
1940,0,0.000,.,.,10.91148507,9.002978,9.486541,3.148987,17.08938,8.268688,.,5.064228,4.716776,3.885899,8.258941,10.0551,9.683177,4.399279,.,3.568177,111.648906,0.923441264,131848.5,0.68325001,0.499500006,.,0.519999981,13.67290878,13.96666622,13.60000038,.,.,4.829999924,0.016666666,.,0.035,0.068999998,.,.,.,.,.,.,.,.,.,.,.,.,.,.,.,.,.,.,.,.,.,.,.,.
1940.25,31.6,0.322,.,.,10.96792181,9.056465,9.64829,3.294787,17.33448,8.390668,.,5.049788,4.970328,4.015147,9.183468,9.884892,9.080085,4.67625,.,3.616542,111.5890421,1.019512754,132122,0.683000028,0.5,.,0.519999981,13.60572052,14.03333378,13.46666622,.,.,4.929999828,0.059999999,.,0.035,0.068999998,.,.,.,.,.,.,.,.,.,.,.,.,.,.,.,.,.,.,.,.,.,.,.,.
1940.5,0,0.000,.,.,10.97949863,9.331182,9.715816,3.364036,17.3607,8.378447,.,6.142463,5.314031,4.364031,9.428938,9.942092,9.194157,4.912116,.,3.664475,114.5940014,1.604078898,132442,0.68325001,0.500750005,.,0.526666641,13.62811661,14,13.39999962,.,.,4.740000248,0.046666667,.,0.035,0.068999998,.,.,.,.,.,.,.,.,.,.,.,.,.,.,.,.,.,.,.,.,.,.,.,.
1940.75,4.9,0.048,.,.,11.0656809,9.541374,9.841354,3.432189,17.60344,8.490198,.,5.863523,5.506865,4.574923,9.500655,11.51792,12.69458,10.10435,.,3.707,115.9211219,2.188645042,132762,0.683500051,0.50150001,.,0.543333352,13.85767841,14.03333378,13.69999981,.,.,4.496666431,0.02,.,0.035,0.068999998,.,.,.,.,.,.,.,.,.,.,.,.,.,.,.,.,.,.,.,.,.,.,.,.
1941,7,0.066,.,.,11.22281415,10.08199,10.17337,3.796737,18.29905,8.62787,.,6.210526,5.767212,4.943536,9.144988,13.61487,18.27872,19.17254,.,3.741453,118.7265068,2.773211186,133082,0.683750033,0.502250016,.,0.556666672,14.06484318,14.13333321,13.9333334,.,.,4.393333435,0.056666665,.,0.089000002,0.126000002,.,.,.,.,.,.,.,.,.,.,.,.,.,.,.,.,.,.,.,.,.,.,.,.
1941.25,44.3,0.392,.,.,11.53557437,10.70785,10.46932,4.235274,18.27867,8.837781,.,7.384795,6.197662,5.308119,9.900734,15.11975,21.83285,25.98996,.,3.769077,123.2449024,3.35777733,133402,0.684000015,0.503000021,.,0.596666694,14.62474918,14.46666622,14.66666698,.,.,4.320000172,0.109999999,.,0.089000002,0.126000002,.,.,.,.,.,.,.,.,.,.,.,.,.,.,.,.,.,.,.,.,.,.,.,.
1941.5,0,0.000,.,.,11.87931925,10.95966,10.56261,3.936767,18.75877,8.887079,.,6.651628,6.001264,4.987081,10.46885,17.7685,28.25985,35.29367,.,3.788059,128.4092559,4.765513401,133766.5,0.684249997,0.503499985,.,0.620000005,15.3638258,14.89999962,15.5666666,.,.,4.283333302,0.116666667,.,0.089000002,0.126000002,.,.,.,.,.,.,.,.,.,.,.,.,.,.,.,.,.,.,.,.,.,.,.,.
1941.75,97,0.745,.,.,12.18274496,11.4865,10.2307,3.307222,18.24752,9.167271,.,6.769052,5.433862,4.589262,9.133421,22.31688,38.89658,49.82383,.,3.801,131.8937272,6.173249473,134131,0.684499979,0.504000008,.,0.649999976,15.80615234,15.39999962,16,.,.,4.313333511,0.233333334,.,0.089000002,0.126000002,.,.,.,.,.,.,.,.,.,.,.,.,.,.,.,.,.,.,.,.,.,.,.,.
1942,0,0.000,.,.,12.38575107,11.57757,10.10772,2.571949,18.37368,9.115754,.,5.546139,4.225926,3.524658,7.399261,26.42831,48.87296,65.74001,.,3.810436,134.3420645,7.580985544,134495.5,0.684750021,0.504500031,.,0.683333337,16.30446815,15.83333302,16.66666603,.,.,4.29333353,0.25666666,.,0.143000007,0.204999998,.,.,.,.,.,.,.,.,.,.,.,.,.,.,.,.,.,.,.,.,.,.,.,.
1942.25,29,0.202,.,.,12.589459,12.38668,9.986543,2.39328,18.24771,9.245479,.,4.616876,3.738733,3.241655,5.90648,36.06126,71.73628,102.6936,.,3.815395,138.3954662,8.988721615,134860,0.685000002,0.504999995,.,0.716666698,16.64601135,16.23333359,17,.,.,4.28666687,0.353333324,.,0.143000007,0.204999998,.,.,.,.,.,.,.,.,.,.,.,.,.,.,.,.,.,.,.,.,.,.,.,.
1942.5,66.2,0.425,.,.,12.67163141,13.15275,10.10017,2.371025,18.47311,9.46618,.,1.755635,2.852272,2.690957,3.220406,46.43963,96.49124,141.447,.,3.813535,142.9867203,12.26853929,135329.75,0.685500026,0.504999995,.,0.766666651,16.61241722,16.46666718,17.10000038,.,.,4.28000021,0.379999995,.,0.143000007,0.204999998,.,.,.,.,.,.,.,.,.,.,.,.,.,.,.,.,.,.,.,.,.,.,.,.
1942.75,0,0.000,.,.,12.87997021,14.099,10.26156,2.359746,18.6975,9.648588,.,2.357351,2.391069,2.21473,3.025853,53.0028,112.3795,165.9915,.,3.802,148.3651216,15.54835697,135799.5,0.68599999,0.504999995,.,0.790000021,16.70760155,16.79999924,17.29999924,.,.,4.25666666,0.379999995,.,0.143000007,0.204999998,.,.,.,.,.,.,.,.,.,.,.,.,.,.,.,.,.,.,.,.,.,.,.,.
1943,23,0.127,.,.,13.08328721,14.32669,10.38362,2.203479,18.64918,9.836525,.,0.7055525,2.258713,2.153043,2.510876,57.51636,123.4642,182.7935,.,3.779452,153.217256,18.82817465,136269.25,0.686499953,0.504999995,.,0.819999993,16.84757805,17,17.66666603,.,.,4.083333492,0.379999995,.,0.169,0.221000001,.,.,.,.,.,.,.,.,.,.,.,.,.,.,.,.,.,.,.,.,.,.,.,.
1943.25,0,0.000,.,.,13.39906737,14.70674,10.29949,2.278118,18.35172,10.04324,.,2.007387,2.389239,2.258446,2.866185,59.55737,128.6061,191.2963,.,3.749353,157.2941834,22.10799233,136739,0.686999977,0.504999995,.,0.846666694,16.8755722,17.46666718,17.89999962,.,.,3.916666746,0.379999995,.,0.169,0.221000001,.,.,.,.,.,.,.,.,.,.,.,.,.,.,.,.,.,.,.,.,.,.,.,.
1943.5,0,0.000,.,.,13.36942536,15.06242,10.41038,2.151662,18.62766,10.18037,.,2.609754,2.682761,2.587274,2.94548,60.54859,131.0972,195.8829,.,3.719779,160.0562404,23.53777759,137153.5,0.687250018,0.505500019,.,0.873333335,16.75239372,17.36666679,17.79999924,.,.,3.816666603,0.379999995,.,0.169,0.221000001,.,.,.,.,.,.,.,.,.,.,.,.,.,.,.,.,.,.,.,.,.,.,.,.
1943.75,0,0.000,.,.,13.44977313,15.50415,10.4945,2.070743,18.63145,10.41186,.,3.105307,2.861287,2.757237,3.293459,63.27368,137.9845,205.2833,.,3.695,160.2106337,24.96756286,137568,0.6875,0.506000042,.,0.886666656,16.81958199,17.39999962,17.76666641,.,.,3.823333263,0.379999995,.,0.169,0.221000001,.,.,.,.,.,.,.,.,.,.,.,.,.,.,.,.,.,.,.,.,.,.,.,.
1944,0,0.000,.,.,13.5013689,15.80836,10.53323,2.121271,18.72377,10.49803,.,3.014536,2.99033,2.928051,3.275959,65.95108,144.2773,215.1537,.,3.678105,161.0257567,26.39734813,137982.5,0.687749982,0.506500006,.,0.899999976,16.85877609,17.39999962,17.83333206,.,.,3.726666689,0.379999995,.,0.148000002,0.263000011,.,.,.,.,.,.,.,.,.,.,.,.,.,.,.,.,.,.,.,.,.,.,.,.
1944.25,-34,-0.159,.,.,13.61943532,15.98451,10.62961,1.948725,18.84051,10.62928,.,2.811047,3.174462,3.261925,2.549294,67.18441,147.589,219.0653,.,3.666769,163.6691137,27.82713339,138397,0.688000023,0.507000029,.,0.910000026,16.94276237,17.53333282,17.93333244,.,.,3.633333445,0.379999995,.,0.148000002,0.263000011,.,.,.,.,.,.,.,.,.,.,.,.,.,.,.,.,.,.,.,.,.,.,.,.
1944.5,0,0.000,.,.,13.7254902,16.23024,10.72763,1.938747,19.05026,10.72157,.,2.523269,3.008792,3.160872,2.139567,68.22958,149.8138,222.058,.,3.656351,158.2899433,27.16565756,138779.75,0.688750029,0.507250011,.,0.913333356,16.94836044,17.70000076,17.89999962,.,.,3.559999943,0.379999995,.,0.148000002,0.263000011,.,.,.,.,.,.,.,.,.,.,.,.,.,.,.,.,.,.,.,.,.,.,.,.
1944.75,19.4,0.087,.,.,13.74695678,16.3889,10.88153,2.015257,19.20547,10.88312,.,2.063147,3.342416,3.601151,2.035179,69.71895,153.1319,228.6711,.,3.643,159.1222834,26.50418172,139162.5,0.689499974,0.507500052,.,0.923333347,16.97635651,17.73333359,17.96666718,.,.,3.523333311,0.379999995,.,0.148000002,0.263000011,.,.,.,.,.,.,.,.,.,.,.,.,.,.,.,.,.,.,.,.,.,.,.,.
1945,0,0.000,.,.,13.78448739,16.69016,11.09925,2.097537,19.76122,11.12274,.,2.687285,3.505147,3.862051,1.901815,70.5416,154.7754,233.805,.,3.622784,155.38471,25.84270589,139545.25,0.690249979,0.507750034,.,0.930000007,17.04354477,17.79999924,18.10000038,.,.,3.416666746,0.379999995,.,0.150999993,0.268000007,.,.,.,.,.,.,.,.,.,.,.,.,.,.,.,.,.,.,.,.,.,.,.,.
1945.25,0,0.000,.,.,13.9062473,16.75557,11.1173,2.049519,19.48797,11.15858,.,3.334432,3.745436,4.119228,2.086875,69.73591,152.9276,228.9095,.,3.603384,150.095348,25.18123005,139928,0.690999985,0.508000016,.,0.926666677,17.09953499,17.93333244,18.26666641,.,.,3.323333263,0.379999995,.,0.150999993,0.268000007,.,.,.,.,.,.,.,.,.,.,.,.,.,.,.,.,.,.,.,.,.,.,.,.
1945.5,-41,-0.176,.,.,14.09503916,15.73604,11.32465,2.169756,20.15825,11.31672,.,3.473666,4.641103,4.99454,2.857465,57.27486,123.3315,183.2232,.,3.58997,141.8319517,20.48685155,140293.25,0.691500008,0.50849998,.,0.886666656,17.09393501,18.10000038,18.20000076,.,.,3.25333333,0.379999995,.,0.150999993,0.268000007,.,.,.,.,.,.,.,.,.,.,.,.,.,.,.,.,.,.,.,.,.,.,.,.
1945.75,0,0.000,.,.,14.2745911,14.51023,11.87881,2.599188,21.11656,11.42597,.,4.252617,5.244313,5.224182,4.913845,39.11963,79.86953,116.3863,.,3.591,135.9508723,15.79247305,140658.5,0.692000031,0.509000003,.,0.850000024,17.16672325,18.13333321,18.33333397,.,.,3.150000095,0.379999995,.,0.150999993,0.268000007,.,.,.,.,.,.,.,.,.,.,.,.,.,.,.,.,.,.,.,.,.,.,.,.
1946,0,0.000,.,.,14.5501481,14.30782,12.66004,3.367936,22.48509,11.63575,.,7.25951,6.231739,5.514467,9.191818,24.71347,44.55482,61.17973,.,3.627781,132.7599448,11.09809455,141023.75,0.692499995,0.509500027,.,0.866666675,17.40188408,18.20000076,18.56666565,.,.,2.966666698,0.379999995,.,0.141000003,0.238000005,.,.,.,.,.,.,.,.,.,.,.,.,.,.,.,.,.,.,.,.,.,.,.,.
1946.25,0,0.000,.,.,14.91936931,14.60362,12.99789,3.765911,22.73378,11.73403,.,9.653999,7.850529,6.687576,12.36926,20.58571,34.61912,48.17882,.,3.699728,129.4002411,6.403716053,141389,0.693000019,0.50999999,.,0.930000007,17.85540771,18.53333282,19.16666603,.,.,3.00333333,0.379999995,.,0.141000003,0.238000005,.,.,.,.,.,.,.,.,.,.,.,.,.,.,.,.,.,.,.,.,.,.,.,.
1946.5,3.7,0.017,.,.,16.24522024,14.0959,12.86292,4.487961,21.66879,11.85034,.,9.094741,8.480985,7.053889,13.89266,18.20528,29.38997,38.05054,.,3.810451,129.8305846,5.548259805,142073.25,0.693500042,0.509500027,.,0.976666689,20.15662193,20.13333321,21.70000076,.,.,3.053333282,0.379999995,.,0.141000003,0.238000005,.,.,.,.,.,.,.,.,.,.,.,.,.,.,.,.,.,.,.,.,.,.,.,.
1946.75,0,0.000,.,.,17.04142775,13.71665,12.54715,4.482193,20.90034,11.85189,.,9.235749,9.040747,7.584068,13.90226,17.87154,28.77608,34.87491,.,3.932,130.2314326,4.692803558,142757.5,0.694000006,0.509000003,.,1.013333321,22.39624786,21.19999886,23.83333397,.,.,3.163333416,0.379999995,.,0.141000003,0.238000005,.,.,.,.,.,.,.,.,.,.,.,.,.,.,.,.,.,.,.,.,.,.,.,.
1947,0,0.000,0,0,16.91627443,14.022,12.83,4.542,21.561,11.719,15.07961995,8.718,9.329,7.918,14.61,17.184,25.544,31.436,12.014,4.052135,129.5943395,3.83734731,143441.75,0.694499969,0.50849998,121.7914621,1.043333292,23.35446739,21.70000076,24.83333397,19.972,6.811,3.133333445,0.379999995,0,0.143999994,0.238000005,.,.,.,.,.,.,.,.,.,.,.,.,.,.,.,.,.,.,.,.,.,.,.,.
1947.25,7.8,0.033,0,0,17.17020213,14.001,13.043,4.637,21.93,11.888,15.31499218,8.016,9.082,7.793,13.883,17.293,25.597,29.376,12.177,4.171385,128.8454859,2.981891063,144126,0.694999993,0.508000016,121.0917943,1.080000043,23.67883301,22.01000023,25.03333282,20.247,6.973,3.180000067,0.379999995,0,0.143999994,0.238000005,.,.,.,.,.,.,.,.,.,.,.,.,.,.,.,.,.,.,.,.,.,.,.,.
1947.5,0,0.000,0,0,17.47801844,13.989,13.085,4.702,22.032,11.862,15.33984204,7.759,9.39,7.638,16.011,17.451,25.611,30.894,12.461,4.288548,128.8638007,2.920730797,144752.25,0.695500016,0.507499993,122.0369367,1.106666684,24.06807518,22.48999977,25.66666603,20.763,7.027,3.193333387,0.736666679,0,0.143999994,0.238000005,.,.,.,.,.,.,.,.,.,.,.,.,.,.,.,.,.,.,.,.,.,.,.,.
1947.75,0,0.000,0,0,17.90592874,14.202,13.089,5.008,21.743,11.801,15.20244059,9.366,10.216,7.884,19.105,17.193,24.718,31.105,12.663,4.409,128.8821155,2.859570531,145378.5,0.69599998,0.506999969,122.8085402,1.143333316,24.94386864,23.12666702,26.76666641,21.343,7.295,3.436666727,0.906666696,0,0.143999994,0.238000005,.,.,.,.,.,.,.,.,.,.,.,.,.,.,.,.,.,.,.,.,.,.,.,.
1948,1.8,0.007,0,0,18.04255909,14.427,13.154,4.982,21.814,11.927,15.28643888,10.381,10.561,8.373,18.877,17.534,25.559,31.023,12.644,4.524156,127.8014694,2.58,146004.75,0.696500003,0.506500006,121.873,1.159999967,25.62504005,23.61666679,27.36666679,21.51,7.403,3.526666641,0.99000001,0,0.116999999,0.193000004,.,.,.,.,.,.,.,.,.,.,.,.,.,.,.,.,.,.,.,.,.,.,.,.
1948.25,3.5,0.013,0,0,18.19233649,14.693,13.307,5.016,22.027,12.114,15.48601082,11.065,10.551,8.082,19.979,18.378,27.116,30.767,13.008,4.636504,127.827886,2.628,146631,0.697000027,0.505999982,122.135,1.179999948,25.78722382,23.99333382,27.53333282,21.666,7.492,3.396666765,1,-5,0.116999999,0.193000004,.,.,.,.,.,.,.,.,.,.,.,.,.,.,.,.,.,.,.,.,.,.,.,.
1948.5,0,0.000,0,0,18.53506634,14.772,13.327,5.1,21.892,12.179,15.47417444,11.184,10.438,8.102,19.342,18.735,27.669,30.306,13.239,4.748214,127.9653026,2.787,147270.25,0.69749999,0.50575,123.491,1.226666689,26.37108612,24.39666748,28.10000038,22.077,7.707,3.420000076,1.049999952,0,0.116999999,0.193000004,.,.,.,.,.,.,.,.,.,.,.,.,.,.,.,.,.,.,.,.,.,.,.,.
1948.75,0,0.000,0,0,18.5953765,14.794,13.433,5.028,22.178,12.302,15.64865278,10.627,10.317,8.31,17.91,19.523,29.169,31.82,13.559,4.857,128.0310055,2.954,147909.5,0.698000014,0.505499959,123.027,1.25666666,26.20890045,24.17333221,27.73333359,22.137,7.891,3.519999981,1.139999986,0,0.116999999,0.193000004,.,.,.,.,.,.,.,.,.,.,.,.,.,.,.,.,.,.,.,.,.,.,.,.
1949,0,0.000,0,0,18.50023991,14.589,13.454,4.936,22.262,12.38,15.72234662,8.974,9.727,7.917,16.564,20.081,29.756,32.659,14.12,4.963575,128.0437085,3.068,148548.75,0.698500037,0.505249977,121.615,1.25999999,25.6899128,23.94333267,26.96666527,21.927,7.725,3.460000038,1.169999957,0,0.112000003,0.187000006,.,.,.,.,.,.,.,.,.,.,.,.,.,.,.,.,.,.,.,.,.,.,.,.
1949.25,0,0.000,0,0,18.31315355,14.536,13.66,5.364,22.323,12.443,15.78565009,7.719,9.418,7.604,16.277,20.99,30.874,33.252,14.925,5.081726,124.8669913,3.041,149188,0.699000001,0.504999995,120.779,1.25333333,25.1060524,23.91666603,26.26666641,21.661,7.615,3.456666708,1.169999957,0,0.112000003,0.187000006,.,.,.,.,.,.,.,.,.,.,.,.,.,.,.,.,.,.,.,.,.,.,.,.
1949.5,0,0.000,0,0,18.20532009,14.699,13.691,5.62,22.126,12.417,15.70271227,8.395,9.395,7.227,17.672,21.201,30.534,33.158,15.546,5.210895,123.2833417,3.007,149958.75,0.699499965,0.504500031,119.069,1.25333333,24.8789959,23.71666718,26.03333282,21.531,7.736,3.410000086,1.043333292,0,0.112000003,0.187000006,.,.,.,.,.,.,.,.,.,.,.,.,.,.,.,.,.,.,.,.,.,.,.,.
1949.75,-2,-0.007,0,0,18.21303482,14.561,13.891,5.844,22.487,12.454,15.84853964,7.936,9.732,7.103,19.843,20.75,29.021,31.069,15.843,5.354,124.9422603,2.953,150729.5,0.699999988,0.504000008,117.919,1.24333334,24.81412125,23.65999985,25.96666718,21.464,7.827,3.339999914,1.076666713,0,0.112000003,0.187000006,.,.,.,.,.,.,.,.,.,.,.,.,.,.,.,.,.,.,.,.,.,.,.,.
1950,0,0.000,0,0,18.16621559,15.149,14.122,6.067,22.774,12.609,16.05751574,9.927,10.349,7.304,22.094,20.403,27.64,29.815,16.237,5.515139,125.9905661,2.837,151500.25,0.700500011,0.503499985,118.274,1.269999981,24.8789959,23.58666611,26.03333282,21.415,8.1,3.24000001,1.103333354,0.75,0.128000006,0.210999995,.,.,.,.,.,.,.,.,.,.,.,.,.,.,.,.,.,.,.,.,.,.,.,.
1950.25,7.7,0.028,0,0,18.22549648,15.61,14.355,6.119,23.038,12.928,16.34402738,11.038,11.309,7.958,24.236,20.737,28.254,30.075,16.375,5.681727,127.9466052,2.727,152271,0.700999975,0.503000021,120.492,1.296666622,25.17092514,23.76666641,26.36666679,21.537,8.173,3.25333333,1.153333306,0,0.128000006,0.210999995,.,.,.,.,.,.,.,.,.,.,.,.,.,.,.,.,.,.,.,.,.,.,.,.
1950.5,179.4,0.631,0,1,18.61167622,16.221,15.091,7.569,23.436,13.128,16.60720295,12.032,12.153,8.671,25.569,20.339,27.251,32.052,16.387,5.882078,130.0467217,2.865,152922.75,0.701499999,0.502250016,123.827,1.323333383,26.46839714,24.2033329,27.86666679,22.02,8.314,3.25333333,1.220000029,0,0.128000006,0.210999995,.,.,.,.,.,.,.,.,.,.,.,.,.,.,.,.,.,.,.,.,.,.,.,.
1950.75,124,0.411,0,0,18.97982674,16.507,14.637,6.633,22.916,13.211,16.4709483,13.631,11.9,8.66,24.364,21.635,30.451,36.49,16.397,6.041,131.3993159,3.877,153574.5,0.702000022,0.50150001,125.444,1.373333335,27.66855621,24.69333267,29.10000038,22.52,8.491,3.213333368,1.336666703,0,0.128000006,0.210999995,.,.,.,.,.,.,.,.,.,.,.,.,.,.,.,.,.,.,.,.,.,.,.,.
1951,4.1,0.013,1,0,19.68291953,16.715,14.991,6.842,23.338,13.572,16.84183113,12.194,11.458,8.435,23.07,23.948,36.413,46.253,16.235,6.177224,132.8692695,4.953,154226.25,0.702499986,0.500750005,128.084,1.409999967,29.12821007,25.69666672,30.76666641,23.339,8.787,3.186666727,1.366666675,0,0.144999996,0.247999996,.,.,.,.,.,.,.,.,.,.,.,.,.,.,.,.,.,.,.,.,.,.,.,.
1951.25,0,0.000,0,0,19.8081563,16.993,14.568,5.861,22.997,13.664,16.76153384,12.495,10.931,8.552,19.963,27.241,44.208,57.332,16.511,6.275846,134.2527087,5.779,154878,0.703000009,0.5,129.497,1.440000057,29.12821007,25.94666672,30.66666603,23.566,9.02,3.413333416,1.49000001,0,0.144999996,0.247999996,.,.,.,.,.,.,.,.,.,.,.,.,.,.,.,.,.,.,.,.,.,.,.,.
1951.5,0,0.000,0,0,19.81997577,17.331,14.737,5.754,23.481,13.835,17.04453942,11.53,10.754,8.648,18.689,30.332,51.849,69.12,16.591,6.359691,134.1745803,6.274,155546.75,0.703249991,0.499249995,128.925,1.456666708,28.80384254,25.93333435,30.16666603,23.556,9.181,3.49666667,1.603333354,0,0.144999996,0.247999996,.,.,.,.,.,.,.,.,.,.,.,.,.,.,.,.,.,.,.,.,.,.,.,.
1951.75,0,0.000,0,0,20.04032258,17.36,14.823,5.736,23.756,13.869,17.17216167,10.548,10.643,8.468,18.862,32.023,56.15,75.329,16.564,6.435,134.5272911,6.386,156215.5,0.703500032,0.49849999,129.239,1.480000019,28.64165878,26.31666565,30.10000038,23.807,9.257,3.556666613,1.610000014,0,0.144999996,0.247999996,.,.,.,.,.,.,.,.,.,.,.,.,.,.,.,.,.,.,.,.,.,.,.,.
1952,-0.5,-0.001,0,0,20.0285144,17.535,14.856,5.769,23.56,14.041,17.19988785,10.795,10.769,8.502,19.355,33.015,58.6,77.918,16.616,6.507094,135.4817834,6.637,156527,0.703750014,0.497750014,129.732,1.49666667,28.47947502,26.41666603,29.86666679,23.723,9.356,3.543333292,1.566666722,0,0.157000005,0.268000007,.,.,.,.,.,.,.,.,.,.,.,.,.,.,.,.,.,.,.,.,.,.,.,.
1952.25,-4.6,-0.013,0,0,20.05810641,17.554,15.148,5.881,24.107,14.26,17.53508206,9.898,10.918,8.597,19.712,34.134,60.92,82.119,16.969,6.581388,135.7658364,6.861,157140,0.703999996,0.497000009,129.231,1.50999999,28.21998024,26.48666573,29.56666756,23.708,9.544,3.49666667,1.646666646,0,0.157000005,0.268000007,.,.,.,.,.,.,.,.,.,.,.,.,.,.,.,.,.,.,.,.,.,.,.,.
1952.5,0.8,0.002,0,0,20.28632866,17.672,15.222,5.532,24.53,14.45,17.80457497,10.425,10.248,7.82,19.514,34.472,62.487,84.015,16.51,6.656359,135.9021358,6.771,157798,0.704249978,0.496250004,129.764,1.526666641,28.28485489,26.66666603,29.66666603,23.958,9.673,3.50999999,1.783333302,0,0.157000005,0.268000007,.,.,.,.,.,.,.,.,.,.,.,.,.,.,.,.,.,.,.,.,.,.,.,.
1952.75,0,0.000,0,0,20.34399649,18.256,15.759,6.486,24.89,14.656,18.06403818,11.173,11.028,8.524,20.562,35.09,63.469,85.514,16.9,6.755,137.009799,6.612,158451,0.70449996,0.495499998,132.172,1.573333383,28.12266922,26.69666672,29.29999924,23.994,9.899,3.526666641,1.893333316,0,0.157000005,0.268000007,.,.,.,.,.,.,.,.,.,.,.,.,.,.,.,.,.,.,.,.,.,.,.,.
1953,-7.5,-0.020,0,0,20.34736786,18.597,15.947,6.704,25.045,14.806,18.20780456,11.395,11.471,8.991,20.882,36.281,65.942,88.146,17.262,6.87385,137.1352336,6.643,159170,0.704750001,0.494749993,132.645,1.603333354,28.02536011,26.61999893,29.13333321,23.966,10.075,3.536666632,1.980000019,0,0.153999999,0.266000003,.,.,.,.,.,.,.,.,.,.,.,.,.,.,.,.,.,.,.,.,.,.,.,.
1953.25,-4.4,-0.012,0,0,20.38638062,18.738,16.043,6.665,25.16,14.983,18.3639533,11.434,11.533,9.053,20.941,37.079,68.018,88.851,17.232,6.998916,136.2236648,6.586,159745,0.704999983,0.493999988,132.495,1.623333335,28.12266922,26.72000122,29.03333282,23.967,10.186,3.763333321,2.153333426,0,0.153999999,0.266000003,.,.,.,.,.,.,.,.,.,.,.,.,.,.,.,.,.,.,.,.,.,.,.,.
1953.5,-11.7,-0.031,0,0,20.46284364,18.624,16.006,6.623,24.929,15.075,18.3272741,11.165,11.542,9.258,20.147,36.631,66.162,87.687,17.693,7.120285,135.5603812,6.616,160449,0.704750001,0.493000001,131.624,1.643333316,28.44703865,26.8433342,29.36666679,24.084,10.34,3.863333225,1.956666589,0,0.153999999,0.266000003,.,.,.,.,.,.,.,.,.,.,.,.,.,.,.,.,.,.,.,.,.,.,.,.
1953.75,-1,-0.003,0,0,20.50848382,18.329,15.9,6.438,24.965,14.963,18.27653859,10.286,11.417,9.147,19.974,36.517,65.201,86,18.124,7.226,134.9754409,6.644,161223,0.70449996,0.491999984,130.014,1.649999976,28.34972763,26.8900013,29.16666794,24.116,10.324,3.769999981,1.473333359,0,0.153999999,0.266000003,.,.,.,.,.,.,.,.,.,.,.,.,.,.,.,.,.,.,.,.,.,.,.,.
1954,0,0.000,0,0,20.56792018,18.242,15.958,6.238,25.205,15.102,18.44946508,10.2,11.237,8.874,20.183,35.54,61.731,80.234,18.775,7.30766,134.6989751,6.4,161912,0.704249978,0.490999997,128.921,1.649999976,28.44703865,26.9533329,29.33333206,24.181,10.392,3.609999895,1.059999943,0,0.142000005,0.240999997,.,.,.,.,.,.,.,.,.,.,.,.,.,.,.,.,.,.,.,.,.,.,.,.
1954.25,0,0.000,0,0,20.58581987,18.265,16.166,6.54,25.137,15.364,18.58241777,10.164,11.421,8.78,21.497,34.282,58.425,76.861,18.848,7.382576,133.576609,6.241,162564,0.703999996,0.49000001,127.36,1.663333297,28.47947502,26.90999985,29.33333397,24.12,10.546,3.476666689,0.790000021,0,0.142000005,0.240999997,.,.,.,.,.,.,.,.,.,.,.,.,.,.,.,.,.,.,.,.,.,.,.,.
1954.5,-5,-0.013,0,0,20.61610091,18.471,16.385,6.568,25.454,15.631,18.866425,10.684,11.878,9.02,22.809,33.455,55.519,72.895,19.373,7.458736,132.1668687,6.138,163290,0.703999996,0.489000022,126.936,1.659999967,28.47947502,26.84000015,29.26666641,24.136,10.571,3.486666679,0.883333325,-1.4,0.142000005,0.240999997,.,.,.,.,.,.,.,.,.,.,.,.,.,.,.,.,.,.,.,.,.,.,.,.
1954.75,0,0.000,0,0,20.6676928,18.841,16.729,6.972,25.882,15.821,19.13105745,11.176,12.143,8.993,24.246,33.252,54.873,70.391,19.463,7.553,132.310287,6.137,164107,0.703999996,0.488000005,128.134,1.676666617,28.38216591,26.75666618,29.10000038,24.149,10.723,3.453333378,1.019999981,0,0.142000005,0.240999997,.,.,.,.,.,.,.,.,.,.,.,.,.,.,.,.,.,.,.,.,.,.,.,.
1955,4.9,0.013,0,0,20.77077852,19.383,17.105,7.598,26.151,16.006,19.34667561,12.368,12.634,9.154,26.046,33.212,53.552,70.015,20.28,7.684738,134.5686727,5.976,164809,0.703999996,0.486999989,130.015,1.700000048,28.51191139,26.79333305,29.23333359,24.289,10.676,3.466666698,1.223333359,0,0.147,0.25,.,.,.,.,.,.,.,.,.,.,.,.,.,.,.,.,.,.,.,.,.,.,.,.
1955.25,0,0.000,0,0,20.85363378,19.704,17.432,8.01,26.634,16.123,19.59182968,13.149,13.176,9.73,26.431,32.882,52.337,67.475,20.546,7.838928,134.5642309,5.726,165463,0.703999996,0.486000001,131.031,1.723333359,28.54434776,26.75666618,29.23333359,24.312,10.829,3.5,1.483333349,0,0.147,0.25,.,.,.,.,.,.,.,.,.,.,.,.,.,.,.,.,.,.,.,.,.,.,.,.
1955.5,0,0.000,0,0,21.00465769,19.967,17.648,8.27,26.813,16.289,19.76053643,13.337,13.468,10.227,25.867,33.082,52.889,68.187,20.514,7.997305,136.964135,5.555,166192,0.703750014,0.485000014,132.84,1.75999999,28.93358994,26.77666664,29.43333244,24.489,10.833,3.556666613,1.856666684,0,0.147,0.25,.,.,.,.,.,.,.,.,.,.,.,.,.,.,.,.,.,.,.,.,.,.,.,.
1955.75,0,0.000,0,0,21.21619603,20.079,17.869,8.052,27.357,16.613,20.1552219,13.626,13.481,10.509,24.769,32.365,50.91,65.896,20.634,8.134,138.3262186,5.515,167023,0.703500032,0.483999997,134.337,1.776666641,29.19308281,26.85666656,29.53333282,24.729,10.961,3.596666574,2.336666584,0,0.147,0.25,.,.,.,.,.,.,.,.,.,.,.,.,.,.,.,.,.,.,.,.,.,.,.,.
1956,0.9,0.002,0,0,21.4289288,19.987,17.899,7.684,27.666,16.773,20.367755,13.168,13.194,10.313,24.115,32.347,50.53,65.645,20.857,8.232211,138.0823765,5.406,167746,0.703249991,0.48299998,134.066,1.789999962,29.38770485,26.86000061,29.79999924,24.982,11.247,3.593333244,2.326666594,0,0.149000004,0.254000008,.,.,.,.,.,.,.,.,.,.,.,.,.,.,.,.,.,.,.,.,.,.,.,.
1956.25,0.6,0.001,0,0,21.5548054,20.144,17.958,7.694,27.596,16.934,20.44773547,13.019,13.3,10.475,23.972,33.025,51.855,67.397,21.113,8.311349,138.8129505,5.327,168436,0.703000009,0.481999993,134.45,1.826666713,29.80938148,27.03666687,30.23333359,25.099,11.474,3.723333359,2.566666603,0,0.149000004,0.254000008,.,.,.,.,.,.,.,.,.,.,.,.,.,.,.,.,.,.,.,.,.,.,.,.
1956.5,3,0.007,0,0,21.83011084,20.119,17.999,7.559,27.615,17.112,20.55751026,12.866,13.279,10.559,23.501,32.713,50.911,67.18,21.218,8.383097,138.9734765,5.3,169191,0.702250004,0.480749995,134.274,1.846666694,30.00400162,27.31666756,30.39999962,25.431,11.592,3.933333397,2.583333254,0,0.149000004,0.254000008,.,.,.,.,.,.,.,.,.,.,.,.,.,.,.,.,.,.,.,.,.,.,.,.
1956.75,0.5,0.001,0,0,21.91412363,20.448,18.247,7.802,27.836,17.335,20.77809201,12.714,13.187,10.534,23.133,33.563,52.735,69.335,21.434,8.464,138.8771064,5.31,170063,0.701499999,0.479499996,134.218,1.889999986,30.42568016,27.54999924,30.70000076,25.509,11.854,4.259999752,3.033333302,0,0.149000004,0.254000008,.,.,.,.,.,.,.,.,.,.,.,.,.,.,.,.,.,.,.,.,.,.,.,.
1957,0,0.000,0,0,22.22222222,20.574,18.373,7.944,28.004,17.402,20.87677244,12.509,13.187,10.609,22.802,34.252,53.672,69.727,21.973,8.567058,139.1427601,5.176,170806,0.700749993,0.478249997,133.909,1.909999967,30.71761131,27.77666664,31,25.887,12.094,4.46333313,3.096666574,0,0.149000004,0.254999995,.,.,.,.,.,.,.,.,.,.,.,.,.,.,.,.,.,.,.,.,.,.,.,.
1957.25,2.4,0.005,0,0,22.37380628,20.524,18.405,7.757,28.11,17.552,21.01432996,12.492,13.06,10.581,22.252,34.039,52.858,70.307,22.158,8.672613,137.7726195,5.157,171501,0.699999988,0.476999998,133.399,1.916666627,30.75004768,28.01333427,31.06666756,26.042,12.212,4.53000021,3.139999866,0,0.149000004,0.254999995,.,.,.,.,.,.,.,.,.,.,.,.,.,.,.,.,.,.,.,.,.,.,.,.
1957.5,0,0.000,0,0,22.50747997,20.722,18.551,7.704,28.5,17.681,21.23759471,12.79,13.191,10.805,21.952,34.3,53.05,70.885,22.471,8.76753,137.5088223,5.235,172257,0.698750019,0.475499988,133.743,1.940000057,30.97710419,28.26333427,31.33333206,26.181,12.322,4.826666832,3.353333235,0,0.149000004,0.254999995,.,.,.,.,.,.,.,.,.,.,.,.,.,.,.,.,.,.,.,.,.,.,.,.
1957.75,10.3,0.022,0,0,22.50780336,20.504,18.561,7.614,28.314,17.875,21.28770611,11.722,12.95,10.524,21.92,34.925,53.793,70.028,23.03,8.837,135.227942,5.072,173070,0.69749999,0.473999977,131.097,1.956666708,31.00954247,28.39999962,31.29999924,26.142,12.54,5.03666687,3.309999943,0,0.149000004,0.254999995,.,.,.,.,.,.,.,.,.,.,.,.,.,.,.,.,.,.,.,.,.,.,.,.
1958,0.7,0.002,0,0,22.7530202,19.949,18.308,7.107,28.059,17.858,21.19177423,10.851,12.148,9.762,21.053,34.535,51.864,69.252,23.681,8.865717,133.1185472,4.88,173746,0.696249962,0.472499996,128.027,1.953333378,31.10685349,28.73666763,31.56666756,26.409,12.665,4.723333359,1.75666666,0,0.144999996,0.252999991,.,.,.,.,.,.,.,.,.,.,.,.,.,.,.,.,.,.,.,.,.,.,.,.
1958.25,0,0.000,0,0,22.81899258,20.071,18.459,6.999,28.314,18.116,21.43761598,10.594,11.803,9.341,21.105,35.4,53.53,69.937,24.023,8.875428,132.4428841,4.849,174397,0.694999993,0.470999986,127.336,1.970000029,31.13928986,28.93000031,31.63333321,26.408,12.698,4.613333225,0.956666648,0,0.144999996,0.252999991,.,.,.,.,.,.,.,.,.,.,.,.,.,.,.,.,.,.,.,.,.,.,.,.
1958.5,0,0.000,0,0,22.96382844,20.541,18.761,7.144,28.831,18.359,21.76831985,11.468,11.972,9.2,22.644,35.621,53.321,69.907,24.548,8.883484,132.3362127,4.808,175143,0.693499982,0.469749987,128.19,1.99666667,31.13928986,28.91333389,31.60000038,26.576,12.93,4.690000057,1.680000067,-0.5,0.144999996,0.252999991,.,.,.,.,.,.,.,.,.,.,.,.,.,.,.,.,.,.,.,.,.,.,.,.
1958.75,0,0.000,0,0,23.07326356,21.02,19.009,7.406,29.227,18.469,21.98191866,12.502,12.709,9.543,25.057,36.381,54.566,70.429,24.996,8.908,135.4682942,4.831,175966,0.692000031,0.468499988,129.999,2.023333311,31.23659897,28.94333267,31.56666756,26.706,13.043,4.880000114,2.690000057,0,0.144999996,0.252999991,.,.,.,.,.,.,.,.,.,.,.,.,.,.,.,.,.,.,.,.,.,.,.,.
1959,1.5,0.003,0,0,23.10561903,21.445,19.361,7.807,29.608,18.708,22.26722317,13.208,13.489,9.84,27.908,36.145,53.666,68.471,25.203,8.970655,136.3697756,4.746,176685,0.690500021,0.46724999,131.534,2.053333282,31.39878273,28.99333382,31.70000076,26.68,13.215,4.869999886,2.773333311,0,0.151999995,0.264999986,.,.,.,.,.,.,.,.,.,.,.,.,.,.,.,.,.,.,.,.,.,.,.,.
1959.25,0,0.000,0,0,23.1273025,21.987,19.659,8.101,29.853,18.986,22.53677015,14.311,13.926,10.14,28.899,36.696,54.95,67.637,25.272,9.060996,137.8747808,4.7,177365,0.68900001,0.465999991,134.276,2.083333254,31.52853203,29.04333305,31.76666641,26.678,13.229,4.953333378,3,0,0.151999995,0.264999986,.,.,.,.,.,.,.,.,.,.,.,.,.,.,.,.,.,.,.,.,.,.,.,.
1959.5,0,0.000,0,0,23.19111152,21.961,19.864,8.258,29.967,19.241,22.73517013,13.315,14.096,10.461,28.353,37.158,56.085,69.36,25.294,9.165286,137.5409363,4.624,178101,0.687749982,0.464749992,133.134,2.079999924,31.49609375,29.19333267,31.66666794,26.739,13.412,5.116666794,3.539999962,0,0.151999995,0.264999986,.,.,.,.,.,.,.,.,.,.,.,.,.,.,.,.,.,.,.,.,.,.,.,.
1959.75,0,0.000,0,0,23.28704964,22.038,19.886,7.864,30.152,19.473,22.94379783,13.781,13.909,10.421,27.526,36.753,55.268,68.473,25.159,9.263,136.7855627,4.609,178921,0.686500013,0.463499993,133.348,2.083333254,31.4312191,29.37000084,31.53333282,26.839,13.592,5.273333549,4.230000019,0.6,0.151999995,0.264999986,.,.,.,.,.,.,.,.,.,.,.,.,.,.,.,.,.,.,.,.,.,.,.,.
1960,0,0.000,0,0,23.38895793,22.532,20.076,8.116,30.228,19.649,23.08418566,15.271,14.394,10.822,28.316,36.029,52.782,67.262,25.597,9.349201,136.8599579,4.586,179597,0.685250044,0.462249994,133.222,2.136666775,31.52853203,29.39666748,31.66666603,26.928,13.948,5.309999943,3.873333216,1.9,0.150999993,0.264999986,.,.,.,.,.,.,.,.,.,.,.,.,.,.,.,.,.,.,.,.,.,.,.,.
1960.25,2.9,0.006,0,0,23.46279039,22.427,20.331,8.301,30.558,19.868,23.33933134,13.726,14.105,10.99,25.987,36.322,52.58,66.276,26.223,9.423512,138.0788226,4.549,180222,0.684000015,0.460999995,134.579,2.140000105,31.52853203,29.57333374,31.73333359,27.005,13.882,5.246666908,2.99333334,0,0.150999993,0.264999986,.,.,.,.,.,.,.,.,.,.,.,.,.,.,.,.,.,.,.,.,.,.,.,.
1960.5,0,0.000,0,0,23.54878917,22.464,20.25,8.235,30.379,19.845,23.26486728,13.644,13.727,10.716,25.199,37.197,54.212,68.396,26.614,9.484621,139.4981541,4.587,180945,0.682749987,0.459749997,134.769,2.150000095,31.49609375,29.59000015,31.63333321,27.052,13.864,5.103333473,2.359999895,0,0.150999993,0.264999986,.,.,.,.,.,.,.,.,.,.,.,.,.,.,.,.,.,.,.,.,.,.,.,.
1960.75,0,0.000,0,0,23.61668546,22.175,20.276,8.028,30.4,20.037,23.39031527,11.958,13.67,10.656,25.165,37.456,54.41,67.605,26.919,9.533,138.210698,4.593,181796,0.681500018,0.458499998,133.551,2.156666756,31.52853203,29.78000069,31.70000076,27.102,13.996,5.096666813,2.306666613,0,0.150999993,0.264999986,.,.,.,.,.,.,.,.,.,.,.,.,.,.,.,.,.,.,.,.,.,.,.,.
1961,7.7,0.015,0,0,23.66970009,22.307,20.271,7.587,30.581,20.237,23.58298103,12.264,13.499,10.432,25.263,37.946,54.339,69.396,27.792,9.569155,139.3579986,4.659,182520,0.680250049,0.457249999,133.253,2.160000086,31.52853203,29.84000015,31.79999924,27.156,14.13,5.063333511,2.350000143,0,0.152999997,0.270000011,.,.,.,.,.,.,.,.,.,.,.,.,.,.,.,.,.,.,.,.,.,.,.,.
1961.25,31.1,0.059,0,0,23.7194156,22.724,20.572,7.745,30.99,20.533,23.9080283,13.178,13.698,10.648,25.354,38.037,54.847,68.962,27.604,9.602666,137.3952571,4.633,183217,0.67900002,0.456,131.888,2.190000057,31.36634636,29.82999992,31.46666718,27.179,14.445,5.016666889,2.303333282,0,0.152999997,0.270000011,.,.,.,.,.,.,.,.,.,.,.,.,.,.,.,.,.,.,.,.,.,.,.,.
1961.5,3.5,0.006,0,0,23.79611987,23.092,20.672,7.934,31.014,20.595,23.96100036,14.282,14.027,10.736,26.723,38.783,56.387,70.943,27.838,9.640179,137.5337426,4.653,183958,0.678000033,0.454999983,132.848,2.210000038,31.23659706,29.94666672,31.5,27.252,14.547,5.106666565,2.303333282,0,0.152999997,0.270000011,.,.,.,.,.,.,.,.,.,.,.,.,.,.,.,.,.,.,.,.,.,.,.,.
1961.75,-1,-0.002,0,0,23.87742976,23.562,21.086,8.318,31.435,20.958,24.34235558,14.523,14.5,11.099,27.62,39.635,57.381,72.173,28.61,9.69,140.5625675,5.001,184783,0.677000046,0.453999996,134.487,2.233333349,31.30147171,29.98999977,31.53333282,27.331,14.713,5.113333225,2.460000038,0,0.152999997,0.270000011,.,.,.,.,.,.,.,.,.,.,.,.,.,.,.,.,.,.,.,.,.,.,.,.
1962,2,0.004,0,0,24.02018012,23.984,21.31,8.498,31.696,21.156,24.55469255,15.388,14.81,11.356,28.118,40.336,59.488,74.862,28.403,9.759281,140.7056751,5.29,185452,0.675999999,0.453000009,136.176,2.25666666,31.46365738,30.10666656,31.70000076,27.464,14.859,5.063333511,2.723333359,0,0.151999995,0.275000006,.,.,.,.,.,.,.,.,.,.,.,.,.,.,.,.,.,.,.,.,.,.,.,.
1962.25,0,0.000,0,0,24.05047631,24.249,21.572,8.726,31.823,21.472,24.79391293,15.24,15.259,11.695,28.997,40.555,59.733,74.047,28.607,9.845149,141.7812853,5.322,186087,0.675000012,0.451999992,137.035,2.263333321,31.39878273,30.21999931,31.53333282,27.482,15.036,5.013333321,2.716666698,0,0.151999995,0.275000006,.,.,.,.,.,.,.,.,.,.,.,.,.,.,.,.,.,.,.,.,.,.,.,.
1962.5,0,0.000,0,0,24.10820087,24.473,21.747,8.79,32.07,21.657,25.01006386,15.512,15.382,11.846,28.973,41.478,61.53,75.231,28.972,9.942191,141.5130783,5.228,186790,0.672749996,0.451000005,136.698,2.276666641,31.46365738,30.30666733,31.70000076,27.527,15.157,5.046666622,2.839999914,-1.35,0.151999995,0.275000006,.,.,.,.,.,.,.,.,.,.,.,.,.,.,.,.,.,.,.,.,.,.,.,.
1962.75,0,0.000,0,0,24.1837525,24.533,22.056,9.177,32.25,21.931,25.24750664,14.992,15.307,11.765,28.935,41.538,61.199,74.353,29.288,10.05,141.0852994,5.109,187574,0.67050004,0.449999988,135.946,2.289999962,31.39878273,30.37999916,31.66666794,27.552,15.344,4.95666647,2.813333273,-0.9,0.151999995,0.275000006,.,.,.,.,.,.,.,.,.,.,.,.,.,.,.,.,.,.,.,.,.,.,.,.
1963,0,0.000,0,0,24.24157077,24.854,22.204,9.36,32.427,22.017,25.36283177,15.823,15.486,11.747,29.98,41.285,59.714,72.589,29.839,10.16178,141.5334772,4.977,188213,0.668250024,0.449000001,136.6,2.309999943,31.26903534,30.4766674,31.53333282,27.567,15.427,4.893333435,2.906666756,2.6,0.156000003,0.280000001,.,.,.,.,.,.,.,.,.,.,.,.,.,.,.,.,.,.,.,.,.,.,.,.
1963.25,0,0.000,0,0,24.28770117,25.165,22.417,9.561,32.537,22.258,25.55306809,16.054,16.204,12.123,32.137,41.233,59.161,71.841,30.11,10.27846,141.7446699,5.008,188790,0.666000009,0.448000014,137.411,2.329999924,31.26903534,30.53333282,31.5,27.597,15.501,4.853333473,2.940000057,0,0.156000003,0.280000001,.,.,.,.,.,.,.,.,.,.,.,.,.,.,.,.,.,.,.,.,.,.,.,.
1963.5,-7.1,-0.012,0,0,24.33402239,25.639,22.722,9.679,32.835,22.648,25.90881644,16.578,16.624,12.489,32.732,43.001,62.445,74.401,30.915,10.3998,142.4972964,5.045,189496,0.664250016,0.447250009,137.761,2.349999905,31.46365738,30.71999931,31.63333321,27.651,15.73,4.836666584,3.293333292,0,0.156000003,0.280000001,.,.,.,.,.,.,.,.,.,.,.,.,.,.,.,.,.,.,.,.,.,.,.,.
1963.75,0,0.000,0,0,24.52194782,25.834,22.911,9.832,32.793,22.957,26.09043826,16.782,17.155,12.9,33.728,42.61,60.783,72.52,31.346,10.527,143.8294616,5.019,190265,0.662500024,0.446500003,138.438,2.369999886,31.4312191,30.80333328,31.63333321,27.81,15.887,4.840000153,3.49666667,0,0.156000003,0.280000001,.,.,.,.,.,.,.,.,.,.,.,.,.,.,.,.,.,.,.,.,.,.,.,.
1964,-4.6,-0.007,0,0,24.59301885,26.414,23.364,10.215,33.355,23.327,26.52471622,17.472,17.809,13.221,35.795,42.768,60.473,71.463,31.813,10.66399,143.6245587,4.929,190858,0.660749972,0.445749998,139.383,2.380000114,31.49609375,30.93000031,31.66666603,27.848,15.996,4.829999924,3.529999971,0,0.143000007,0.252999991,.,.,.,.,.,.,.,.,.,.,.,.,.,.,.,.,.,.,.,.,.,.,.,.
1964.25,0,0.000,0,0,24.6622001,26.717,23.775,10.481,33.991,23.652,26.95397686,17.391,17.761,13.558,33.993,43.045,60.07,70.08,32.544,10.81072,146.0348835,5.008,191447,0.658999979,0.444999993,140.92,2.403333426,31.4312191,30.97999954,31.53333282,27.91,16.119,4.849999905,3.476666689,-8.4,0.143000007,0.252999991,.,.,.,.,.,.,.,.,.,.,.,.,.,.,.,.,.,.,.,.,.,.,.,.
1964.5,0,0.000,0,0,24.75997046,27.08,24.212,10.827,34.655,23.961,27.38077264,17.804,18.045,14.018,33.437,43.071,59.598,69.847,32.899,10.96995,145.8047299,4.993,192131,0.657249987,0.444249988,141.607,2.423333406,31.52853203,31.04999924,31.63333321,28,16.321,4.823333263,3.49666667,0,0.143000007,0.252999991,.,.,.,.,.,.,.,.,.,.,.,.,.,.,.,.,.,.,.,.,.,.,.,.
1964.75,0,0.000,0,0,24.87939606,27.155,24.28,10.495,34.722,24.289,27.61656778,17.95,18.177,14.31,32.827,42.947,58.76,68.412,33.247,11.133,145.6977624,4.986,192847,0.655499995,0.443499982,142.592,2.420000076,31.62584114,31.19333267,31.70000076,28.133,16.468,4.809999943,3.683333397,0,0.143000007,0.252999991,.,.,.,.,.,.,.,.,.,.,.,.,.,.,.,.,.,.,.,.,.,.,.,.
1965,2.2,0.003,0,1,25.00539142,27.822,24.819,11.471,35.054,24.565,27.91145391,19.756,19.005,15.271,32.942,42.843,58.02,66.894,33.562,11.32209,148.2101322,4.983,193393,0.653750002,0.442750007,144.324,2.460000038,31.72315025,31.29000092,31.86666679,28.262,16.612,4.78666687,3.890000105,-4.5,0.137999997,0.244000003,.,.,.,.,.,.,.,.,.,.,.,.,.,.,.,.,.,.,.,.,.,.,.,.
1965.25,1.4,0.002,0,0,25.10992908,28.2,25.093,11.49,35.389,24.936,28.26302455,19.755,19.537,15.846,33.199,43.396,58.132,66.584,34.414,11.52059,149.4667586,4.919,193888,0.65200001,0.442000002,145.879,2.483333349,31.95020866,31.48999977,32.16666794,28.372,16.696,4.820000172,3.873333454,0,0.137999997,0.244000003,.,.,.,.,.,.,.,.,.,.,.,.,.,.,.,.,.,.,.,.,.,.,.,.
1965.5,14,0.020,0,0,25.20506048,28.772,25.525,11.882,35.919,25.278,28.66596927,20.46,20.066,16.446,33.329,44.897,60.48,68.92,35.383,11.73339,150.1997172,4.914,194528,0.650750041,0.441500008,146.013,2.5,32.11239243,31.58333397,32.40000153,28.432,16.905,4.889999866,3.866666555,-1.75,0.137999997,0.244000003,.,.,.,.,.,.,.,.,.,.,.,.,.,.,.,.,.,.,.,.,.,.,.,.
1965.75,0,0.000,1,0,25.368221,29.466,26.242,12.383,37.251,25.707,29.39227377,20.555,20.517,17.145,32.608,45.862,62.158,71.525,35.893,11.961,151.6342301,5.074,195195,0.649500012,0.440999985,147.692,2.523333311,32.30701447,31.75,32.6333313,28.562,17.107,4.966666698,4.166666985,0,0.137999997,0.244000003,.,.,.,.,.,.,.,.,.,.,.,.,.,.,.,.,.,.,.,.,.,.,.,.
1966,0,0.000,0,0,25.53247872,30.189,26.629,12.972,37.522,25.974,29.66099838,22.292,21.284,17.892,33.348,46.687,63.579,74.143,36.338,12.20335,152.4718647,5.361,195688,0.648249984,0.440499991,149.685,2.553333282,32.63137817,32.04666901,33.10000229,28.724,17.516,5.166666508,4.610000134,-1.75,0.150999993,0.250999987,.,.,.,.,.,.,.,.,.,.,.,.,.,.,.,.,.,.,.,.,.,.,.,.
1966.25,1,0.001,0,0,25.74777154,30.29,26.698,12.455,37.878,26.257,29.96704749,21.886,21.009,18.171,30.673,47.514,65.262,75.702,36.619,12.43501,153.2738906,5.55,196178,0.647000015,0.439999998,150.835,2.579999924,32.85843658,32.33666611,33.23333359,28.96,17.822,5.489999771,4.586666584,0.9,0.150999993,0.250999987,.,.,.,.,.,.,.,.,.,.,.,.,.,.,.,.,.,.,.,.,.,.,.,.
1966.5,11,0.014,0,0,26.0126603,30.489,27.004,12.863,38.15,26.474,30.20434174,21.669,21.002,18.392,29.676,48.8,67.904,80.666,37.042,12.66842,154.9215494,5.753,196762,0.646000028,0.439999998,151.689,2.613333225,33.11793137,32.6166687,33.56666565,29.237,18.111,5.866666794,5.04333353,0,0.150999993,0.250999987,.,.,.,.,.,.,.,.,.,.,.,.,.,.,.,.,.,.,.,.,.,.,.,.
1966.75,21.8,0.027,0,0,26.25260281,30.736,27.116,12.858,38.044,26.763,30.35435466,21.773,20.365,18.345,26.563,49.594,68.469,82.713,37.995,12.891,154.2786614,6.054,197398,0.644999981,0.439999998,152.126,2.643333435,33.085495,32.8833313,33.33333206,29.51,18.408,6.136666775,5.210000038,0,0.150999993,0.250999987,.,.,.,.,.,.,.,.,.,.,.,.,.,.,.,.,.,.,.,.,.,.,.,.
1967,38.8,0.048,0,0,26.37468959,31.007,27.274,12.615,38.472,27.01,30.65906939,21.177,19.887,17.956,25.764,51.699,73.163,87.664,38.465,13.09401,154.0180692,6.205,197892,0.643999994,0.439999998,152.71,2.663333416,33.15036774,32.96666718,33.3666687,29.6,18.558,5.880000114,4.513333321,0,0.155000001,0.256000012,.,.,.,.,.,.,.,.,.,.,.,.,.,.,.,.,.,.,.,.,.,.,.,.
1967.25,6,0.007,0,0,26.51468739,31.013,27.646,13.157,38.758,27.272,30.92223044,20.274,20.396,17.892,28.693,51.418,72.103,87.721,38.675,13.29757,152.7103313,6.276,198363,0.643000007,0.439999998,151.888,2.686666727,33.11793137,33.16666412,33.29999924,29.714,18.903,5.980000019,3.659999847,0,0.155000001,0.256000012,.,.,.,.,.,.,.,.,.,.,.,.,.,.,.,.,.,.,.,.,.,.,.,.
1967.5,3.8,0.005,0,0,26.77457535,31.261,27.788,13.052,38.722,27.644,31.15475727,20.856,20.596,17.802,30.131,51.953,73.249,89.921,38.827,13.4995,154.3631587,6.291,198911,0.642499983,0.440250009,152.822,2.723333359,33.31255341,33.5,33.43333435,30.008,19.121,6.329999924,4.300000191,-1.6,0.155000001,0.256000012,.,.,.,.,.,.,.,.,.,.,.,.,.,.,.,.,.,.,.,.,.,.,.,.
1967.75,-10,-0.012,0,0,27.07070066,31.499,27.959,13.085,38.897,27.877,31.36464007,21.307,21.239,18.169,31.886,52.307,73.097,88.963,39.504,13.71,156.1969332,6.287,199498,0.64199996,0.440500021,153.588,2.75333333,33.4423027,33.8666687,33.5,30.289,19.359,6.723333359,4.753333092,0,0.155000001,0.256000012,.,.,.,.,.,.,.,.,.,.,.,.,.,.,.,.,.,.,.,.,.,.,.,.
1968,5,0.006,0,0,27.36717681,32.148,28.627,13.898,39.662,28.314,31.90981007,21.771,21.751,18.74,32.081,53.22,74.368,91.161,40.197,13.95073,154.9332631,6.293,199920,0.641499996,0.440750003,153.889,2.823333263,33.83153915,34.20000076,33.96666718,30.626,19.956,6.829999924,5.050000191,0,0.172000006,0.286000013,.,.,.,.,.,.,.,.,.,.,.,.,.,.,.,.,.,.,.,.,.,.,.,.
1968.25,-23.3,-0.026,0,0,27.65339206,32.694,29.066,14.194,40.15,28.76,32.36811527,22.651,21.64,18.414,32.892,53.466,73.771,91.079,40.979,14.20728,155.7915355,6.374,200361,0.640999973,0.441000015,155.167,2.866666555,33.99372482,34.53333282,34.16666794,30.947,20.314,7.023333549,5.519999981,0,0.172000006,0.286000013,.,.,.,.,.,.,.,.,.,.,.,.,.,.,.,.,.,.,.,.,.,.,.,.
1968.5,0,0.000,0,0,27.92697005,32.918,29.613,14.833,40.79,29.131,32.81733883,21.915,21.959,18.66,33.482,53.578,73.136,89.282,41.568,14.47929,156.8454805,6.496,200898,0.639999986,0.441250026,156.198,2.900000095,34.22078323,35,34.29999924,31.183,20.698,6.863333225,5.196666718,0,0.172000006,0.286000013,.,.,.,.,.,.,.,.,.,.,.,.,.,.,.,.,.,.,.,.,.,.,.,.
1968.75,0,0.000,0,0,28.31820932,33.06,29.748,14.745,40.799,29.454,33.03563415,22.143,22.499,19.212,33.9,53.622,72.689,88.483,41.927,14.746,157.3217862,6.364,201466,0.638999999,0.441500008,156.811,2.956666708,34.38296509,35.43333435,34.5,31.615,21.109,7.026666641,5.586666584,0,0.172000006,0.286000013,.,.,.,.,.,.,.,.,.,.,.,.,79.67816089,80.44022988,80.79885057,80.85287356,80.99080459,80.98275861,122,123.3253012,124.2891566,125.1686747,126.0120482,126.8674699
1969,0,0.000,0,0,28.61439504,33.581,30.081,15.023,41.252,29.717,33.35958727,23.602,23.208,19.781,35.12,53.674,72.285,87.542,42.268,15.00633,158.130784,6.271,201881,0.638000011,0.44174999,158.767,3,34.80464172,35.86666489,35,31.955,21.202,7.376667023,6.093333244,0,0.175999999,0.298000008,.,.,.,.,.,.,.,.,.,.,.,.,80.0031746,80.48888888,80.59365079,81.09047618,81.02380952,.,123.5409836,124.7213115,125.5245902,126.4590164,127.2786885,.
1969.25,0,0.000,0,0,28.98245197,33.679,30.274,14.983,41.342,30.082,33.62667879,23.414,23.31,19.995,34.743,53.45,71.132,85.578,42.623,15.25139,158.5376169,6.33,202331,0.637000024,0.442000002,159.22,3.039999962,35.16144562,36.43333435,35.5,32.363,21.743,7.586666584,6.196666718,0,0.175999999,0.298000008,.,.,.,.,.,.,.,.,.,.,.,.,80.25714282,80.53749999,80.90714285,80.79107142,80.44339622,.,125,125.9298246,126.9824561,127.8070175,128.6428571,.
1969.5,0,0.000,0,0,29.39631772,33.892,30.42,14.94,41.497,30.321,33.83950939,23.955,23.698,20.535,34.459,53.525,71.182,85.448,42.713,15.47803,158.951531,6.36,202877,0.635750055,0.44174999,159.807,3.099999905,35.45338058,36.93333435,35.76666641,32.697,22.21,7.916666985,7.023333549,0,0.175999999,0.298000008,.,.,.,.,.,.,.,.,.,.,.,.,78.74827585,79.21206896,78.87241379,78.47413792,77.95,.,127,128.4827586,129.5862069,130.637931,131.5172414,.
1969.75,0,0.000,0,0,29.77796223,33.733,30.662,14.882,41.775,30.696,34.17349617,22.665,23.099,20.412,31.939,52.739,69.277,83.658,42.625,15.683,159.5560856,6.29,203500,0.634500027,0.441500008,159.409,3.140000105,35.81018066,37.5,36.09999847,33.082,22.681,8.373332977,7.353333473,0,0.175999999,0.298000008,.,.,.,.,.,.,.,.,.,.,.,.,80.27499996,79.68749999,78.61785714,77.72142856,77.22678571,76.48035714,129.0175439,130.5263158,131.8421053,133.0350877,134.1929825,135.2631579
1970,-5,-0.005,0,0,30.19893112,33.68,30.851,14.654,42.133,31.022,34.51334514,21.956,23.016,20.293,32.003,52.455,67.908,81.434,43.021,15.86125,159.1887072,5.973,204008,0.633249998,0.441250026,158.214,3.173333406,36.29673386,38.09999847,36.63333511,33.404,23.123,8.756666183,7.210000038,0,0.164000005,0.286000013,.,.,.,.,.,.,.,.,.,.,.,.,79.19482758,78.14827586,77.08275861,76.50172413,75.45517241,.,130.6896552,132.0517241,133.2413793,134.4310345,135.4655172,.
1970.25,-3,-0.003,0,0,30.61853531,33.741,30.992,14.823,42.107,31.217,34.62987221,22.024,22.505,20.182,29.87,51.777,65.781,77.587,43.251,16.02826,158.10364,5.775,204607,0.632000029,0.441000015,157.089,3.216666698,36.52379227,38.6333313,36.83333206,33.829,23.428,8.976666451,6.676666737,0,0.164000005,0.286000013,.,.,.,.,.,.,.,.,.,.,.,.,77.2458333,76.47499999,75.76666666,74.76458333,73.98541666,73.27083333,132.0833333,133.6666667,135.0625,136.3541667,137.5,138.6458333
1970.5,0,0.000,0,0,30.85984548,34.041,31.263,14.878,42.409,31.57,34.9661373,22.401,22.905,20.285,31.462,52.001,64.808,76.38,44.228,16.1933,156.7886101,5.535,205295,0.63075,0.440750003,155.755,3.266666651,36.8157196,39.03333282,37.03333282,34.031,23.859,9.409999847,6.326666355,0,0.164000005,0.286000013,.,.,.,.,.,.,.,.,.,.,.,.,77.08909088,76.05272726,75.03090909,74.26111111,73.5037037,73.17547169,134,135.0909091,136.2909091,137.4074074,138.462963,139.509434
1970.75,0,0.000,0,0,31.25593824,33.68,31.179,13.889,42.905,31.73,35.23883369,21.103,22.927,19.53,34.779,52.002,64.455,75.8,44.451,16.355,156.0592278,5.449,206024,0.629500031,0.440500021,154.983,3.279999971,36.97790527,39.59999847,37.09999847,34.461,24.172,9.276666641,5.353333473,0,0.164000005,0.286000013,.,.,.,.,.,.,.,.,.,.,.,.,75.80144923,74.79420289,74.37536231,74.02028985,74.14347825,74.36086956,135.53,136.8557143,138.1,139.2971428,140.4957143,141.6342857
1971,0,0.000,0,0,31.72874108,34.609,31.774,15.379,43.08,31.947,35.43508834,23.844,23.44,19.708,36.635,51.16,61.946,72.237,44.653,16.55288,157.1273596,5.248,206668,0.628250003,0.440250009,155.361,3.380000114,37.33471298,39.93333435,37.59999847,34.833,24.625,8.529999733,3.840000153,-0.2,0.152999997,0.277999997,.,.,.,.,.,.,.,.,.,.,.,.,74.78679242,74.67735848,74.34150943,74.89245282,75.25471697,75.93584905,137.3566038,138.7132075,139.9830188,141.3113207,142.5056604,143.6396226
1971.25,0,0.000,0,0,32.14480678,34.805,32.065,15.729,43.178,32.268,35.67874068,24.582,24.41,20,40.332,50.996,61.053,69.47,44.952,16.77101,156.1970591,5.053,207260,0.626999974,0.439999998,155.816,3.430000067,37.72394943,40.29999924,38.06666565,35.253,24.92,8.606666565,4.25,0,0.152999997,0.277999997,.,.,.,.,.,.,.,.,.,.,.,.,73.92982454,73.51052631,73.90701754,74.28421052,75.17543859,75.59122807,139.1803571,140.5053571,141.8196428,143.0017857,144.3267857,145.5142857
1971.5,0,0.000,0,0,32.46871704,35.083,32.322,16.148,43.09,32.573,35.85229307,24.906,24.872,20.08,42.319,50.964,60.796,68.079,45.063,17.00743,156.4202136,4.931,207881,0.627249956,0.441249996,155.642,3.473333359,38.17806625,40.70000076,38.36666489,35.58,25.367,8.703333855,5.010000229,0,0.152999997,0.277999997,.,.,.,.,.,.,.,.,.,.,.,.,72.01643835,72.29726027,72.90684931,73.45479451,74.12638888,74.73611111,142.5887324,143.540845,144.712676,145.8647887,147.0242857,148.2042857
1971.75,0,0.000,0,0,32.7278929,35.181,32.859,16.838,43.383,33.086,36.29054971,24.127,25.551,20.51,43.959,50.584,58.915,66.136,45.642,17.263,158.5337824,4.705,208555,0.627499998,0.442499995,156.471,3.513333321,38.21050262,41,38.39999771,35.792,25.575,8.413332939,4.230000019,0,0.152999997,0.277999997,.,.,.,.,.,.,.,.,.,.,.,.,70.8653333,71.34133332,72.37866666,72.89333333,73.67866666,74.16399999,142.2776315,143.3526316,144.5328947,145.7631579,146.975,148.1578947
1972,0,0.000,0,0,33.23373359,35.81,33.298,17.223,43.526,33.652,36.70772746,25.833,26.7,21.199,46.891,50.768,59.155,65.182,45.792,17.52946,161.0485899,4.554,209061,0.627750039,0.443749994,158.846,3.603333235,38.66461563,41.33333588,39.06666565,36.242,26.163,8.233332634,3.436666727,-9,0.162,0.289000005,.,.,.,.,.,.,.,.,.,.,.,.,71.51746032,72.73650793,73.5126984,74.22539681,75.02857142,75.81803278,142.7181818,144.0818182,145.2954545,146.4878788,147.75,149.1080645
1972.25,0,0.000,0,0,33.43244497,36.659,33.934,17.656,44.703,34.063,37.37170609,27.414,27.17,21.55,47.811,51.083,60.101,66.208,45.695,17.81094,161.3150166,4.334,209545,0.628000021,0.444999993,159.507,3.666666746,38.98898315,41.59999847,39.5,36.394,26.492,8.223333359,3.769999981,0,0.162,0.289000005,.,.,.,.,.,.,.,.,.,.,.,.,75.94090909,76.61363636,77.21363636,77.4621212,78.11692307,78.44153845,144.9602941,146.2397059,147.4720588,148.7279412,150.0735294,151.3588235
1972.5,0,0.000,0,0,33.75574169,37.01,34.457,18.11,45.319,34.525,37.88668075,27.804,27.47,21.887,47.922,50.03,56.86,61.528,46.068,18.11149,162.446459,4.264,210075,0.627750039,0.445749998,160.506,3.723333359,39.4106636,41.93333435,40.09999847,36.72,26.791,8.170000076,4.21999979,0,0.162,0.289000005,.,.,.,.,.,.,.,.,.,.,.,.,78.34406777,78.92033897,79.39491524,80.20508474,80.50338982,80.7775862,145.5258064,146.8,148.0806451,149.4790322,150.7483871,152.0803278
1972.75,0,0.000,0,0,34.19989367,37.62,35.265,19.069,46.175,35.143,38.57871604,27.948,28.748,23.031,49.634,50.344,56.673,61.434,46.717,18.444,163.1142195,4.269,210656,0.627499998,0.446500003,161.623,3.799999952,39.73503113,42.3666687,40.5,37.131,27.386,7.99333334,4.863333225,0,0.162,0.289000005,.,.,.,.,.,.,.,.,.,.,.,.,75.16999997,76.08135592,77.13389829,77.66610169,78.38305084,79.06271186,146.2129032,147.3129032,148.6967742,149.8967742,151.2064516,152.5225806
1973,0,0.000,0,0,34.60421958,38.582,35.911,20.283,46.453,35.596,38.97386197,29.723,29.962,24.107,51.303,50.839,57.611,62.627,46.928,18.81874,163.9544883,4.208,211120,0.627249956,0.447250009,163.46,3.869999886,41.06493759,43.03333282,42.46666718,37.497,28.192,7.966666698,5.699999809,0,0.172000006,0.305000007,.,.,.,.,.,.,.,.,.,.,.,.,74.47966099,75.77966101,76.31525423,77.0457627,77.74067796,78.75084745,147.2066667,148.845,150.185,151.5433333,152.8816667,154.3316667
1973.25,0,0.000,0,0,35.14053652,39.029,35.893,20.044,46.061,35.894,39.03897452,31.113,30.222,25.092,48.693,50.536,56.718,61.504,47.009,19.19259,166.6051357,4.126,211577,0.626999974,0.448000014,165.008,3.930000067,42.62190247,43.93333435,44.53333282,38.073,28.625,8.093333244,6.603333473,0,0.172000006,0.305000007,.,.,.,.,.,.,.,.,.,.,.,.,75,75.68666666,76.53833333,77.25666666,78.58499999,79.07666666,149.3919355,151.2079365,152.831746,154.3984127,155.9238095,157.1746032
1973.5,-5,-0.004,0,0,35.82431736,38.82,36.021,19.866,46.276,36.134,39.26838085,29.896,30.134,25.513,46.627,49.887,54.311,57.856,47.503,19.54971,167.7434008,4.098,212092,0.626749992,0.449000001,165.982,4.003333569,43.69231415,44.79999924,46.3666687,38.866,29.214,8.466666222,8.32333374,0,0.172000006,0.305000007,.,.,.,.,.,.,.,.,.,.,.,.,75.12790697,75.72325581,77.01860465,77.48139534,77.83953488,78.22558139,154.3904762,156.4547619,158.3238095,159.9404762,161.5756097,162.9195122
1973.75,5,0.004,0,0,36.53389809,39.191,35.916,19.402,46.094,36.271,39.30106927,31.04,29.831,25.713,44.399,50.254,54.354,58.257,48.085,19.869,168.7266158,4.009,212634,0.62650001,0.449999988,166.502,4.070000172,44.34104919,45.93333435,46.73333359,39.667,29.806,8.436666489,7.5,0,0.172000006,0.305000007,.,.,.,.,.,.,.,.,.,.,.,.,74.08846152,74.97884614,75.96346153,76.76153846,77.36923076,78.32307692,155.1267857,157.4767857,159.7535714,161.9321428,163.8982143,165.8142857
1974,0,0.000,0,0,37.23582259,38.847,35.601,18.947,45.476,36.216,39.05694384,29.059,29.126,25.685,41.143,51.305,56.066,59.601,48.713,20.13638,168.5976538,3.983,213074,0.626249969,0.451000005,166.782,4.126666546,46.90355301,47.29999924,49.86666489,40.51,30.374,8.543333054,7.616666794,0,0.180999994,0.324999988,.,.,.,.,.,.,.,.,.,.,.,.,74.03275862,75.87068965,77.0913793,78.49310344,80.37068965,81.69074074,157.995082,160.9098361,163.6655738,166.1377049,168.2639344,170.0421052
1974.25,0,0.000,0,0,38.12458276,38.946,35.726,19.049,45.174,36.57,39.1747045,28.915,28.707,25.628,39.349,51.651,55.977,60.56,49.339,20.37056,168.3283976,3.869,213513,0.625999987,0.451999992,166.099,4.236666679,49.53093338,48.56666565,51.59999847,41.547,31.325,9.063333511,8.153333664,0,0.180999994,0.324999988,.,.,.,.,.,.,.,.,.,.,.,.,76.16888888,77.63555555,78.83999999,80.66,81.82045454,83.11860465,162.5106383,165.7851064,168.6127659,171.1085106,173.487234,175.6666667
1974.5,0,0.000,0,0,39.25468738,38.561,35.873,19.159,45.271,36.75,39.32427313,27.284,28.202,25.329,38.052,51.728,56.258,59.117,49.286,20.58138,168.3317056,3.901,214042,0.625499964,0.452499986,166.037,4.376666546,53.2611618,49.93333435,55.26666641,42.884,32.307,9.81000042,8.190000534,0,0.180999994,0.324999988,.,.,.,.,.,.,.,.,.,.,.,.,76.10196075,77.36470587,79.19999999,80.55686273,81.65882352,.,167.0685185,170.5814815,173.8407407,176.7092592,179.5203704,.
1974.75,0,0.000,0,0,40.42697214,38.41,35.347,17.336,44.463,37.119,39.27640253,27.543,26.603,24.621,33.045,51.908,56.671,59.101,49.317,20.759,166.8650383,3.919,214625,0.625,0.453000009,164.449,4.496666431,55.20736313,51.46666718,57.20000076,44.214,33.051,10.56999969,7.360000134,0,0.180999994,0.324999988,.,.,.,.,.,.,.,.,.,.,.,.,78.37021275,79.81276595,81.06170212,82.09574468,83.44893617,85.11914893,172.0480769,176.3288461,180.0326923,183.3711538,186.4269231,189.2923077
1975,0,0.000,0,0,41.3631332,37.942,35.644,17.706,44.548,37.466,39.52462043,22.705,24.973,23.111,31.004,52.544,56.034,58.647,50.778,20.9355,163.8090898,3.868,215065,0.624500036,0.453500003,160.714,4.583333492,55.85610199,52.56666565,57.16666794,45.292,34.061,10.64666653,5.75,0,0.174999997,0.333000004,.,.,.,.,.,.,.,.,.,.,.,.,83.53488372,84.63488371,85.98837208,87.66976744,90.41395348,92.1047619,177.6911111,181.7,185.3244444,188.5377778,191.3377778,193.8159091
1975.25,0,0.000,0,0,41.98053986,38.232,36.238,18.05,45.535,37.931,40.16150083,21.917,24.623,22.507,31.67,52.14,55.584,57.741,50.401,21.11738,163.2225957,3.84,215523,0.624000013,0.453999996,159.896,4.653333187,56.310215,53.20000076,57.79999924,45.911,34.731,10.63000011,5.393333435,0,0.174999997,0.333000004,.,.,.,.,.,.,.,.,.,.,.,.,85.1511111,86.19999999,87.44666666,89.79999999,91.24222222,92.69555555,181.4127659,184.1680851,187.0191489,189.8638298,192.5574468,195.1106383
1975.5,0,0.000,0,0,42.76160099,38.876,36.754,19.177,45.981,38.114,40.43802312,23.773,25.237,22.714,33.876,53.057,56.97,59.928,51.025,21.3202,163.3256704,3.793,216195,0.623750031,0.454999983,160.859,4.746666908,57.28331757,54.26666641,59.03333282,46.765,35.226,10.58333302,6.329999924,0,0.174999997,0.333000004,.,.,.,.,.,.,.,.,.,.,.,.,85.39210524,86.90263157,89.13947368,90.74210526,92.3736842,93.91052631,183.9230769,186.7487179,189.4846154,192.2205128,195.0358974,197.8974359
1975.75,0,0.000,0,0,43.51767215,39.384,37.143,19.735,45.869,38.65,40.74153375,24.426,25.709,22.925,35.358,53.507,57.115,59.805,51.675,21.547,165.5986013,3.768,216771,0.62349999,0.456,162.893,4.829999924,58.02936172,55.26666641,59.66666794,47.519,35.991,10.57999992,5.626666546,0,0.174999997,0.333000004,.,.,.,.,.,.,.,.,.,.,.,.,85.64761902,87.99069766,89.35348836,90.74186046,92.15581394,94.2860465,186.1636363,189.3022727,192.1022727,194.9590909,197.9227273,200.975
1976,4,0.002,0,0,43.99066511,40.279,37.886,20.722,46.799,39.101,41.34995683,26.956,26.774,23.339,38.973,53.64,56.588,58.981,52.238,21.81302,168.4741289,3.737,217249,0.623250008,0.457000017,164.851,4.940000057,58.38616562,55.90000153,59.93333435,47.953,36.869,10.25666618,4.916666508,0,0.179000005,0.340000004,.,.,.,.,.,.,.,.,.,.,.,.,87.3181818,88.83181817,90.27272726,91.81818181,94.02272727,95.68181818,129.2234042,130.9829787,133.0404255,135.1829787,137.4574468,139.4829787
1976.25,0,0.000,0,0,44.45813415,40.582,38.234,20.816,47.517,39.36,41.76980162,28.105,27.231,23.624,40.094,53.052,56.466,58.94,51.342,22.10219,170.4333827,3.731,217685,0.623000026,0.458000004,165.189,5.03000021,59.13221359,56.40000153,60.86666489,48.402,37.611,9.896666527,5.156666756,0,0.179000005,0.340000004,.,.,.,.,.,.,.,.,.,.,.,.,87.00869565,88.75869564,90.09347825,92.40869565,94.02608695,95.89130434,130.5395833,132.4,134.40625,136.5354167,138.6958333,140.9375
1976.5,0,0.000,0,0,45.06265173,40.781,38.638,21.052,47.881,39.839,42.20374417,28.158,27.517,24.141,39.44,52.773,56.306,58.813,50.983,22.41067,172.3341292,3.7,218233,0.623000026,0.458999991,165.894,5.156666756,59.87825775,57.29999924,61.59999847,49.062,38.349,9.619999886,5.150000095,0,0.179000005,0.340000004,.,.,.,.,.,.,.,.,.,.,.,.,88.59999998,90.2,92.41515151,94.18181818,95.85757575,97.42727272,132.7833333,134.55,136.5388889,138.4666666,140.4583333,142.5111111
1976.75,0,0.000,0,0,45.87725491,41.077,39.141,21.384,48.385,40.39,42.73293543,28.353,28.932,24.622,44.467,52.732,56.45,58.578,50.821,22.734,173.8125671,3.795,218834,0.623000026,0.460000008,167.084,5.24333334,60.55942917,58.13333511,62.13333511,49.913,39.272,9.21333313,4.673333168,2.4,0.179000005,0.340000004,.,.,.,.,.,.,.,.,.,.,.,.,88.63437497,90.92812499,92.29687499,93.64062499,94.94375,96.94375,134.3583333,136.2055555,138.05,139.9861111,141.8527778,143.8555555
1977,0,0.000,0,0,46.65014198,41.554,39.588,22.168,48.353,40.871,43.04065298,29.748,29.978,25.578,45.808,53.21,56.919,59.235,51.31,23.07286,175.2269844,3.727,219344,0.623000026,0.461000025,167.938,5.369999886,61.66228104,59.20000076,63.46666718,50.708,39.954,9.106666565,4.630000114,-0.8,0.182999998,0.361000001,.,.,.,.,.,.,.,.,.,.,.,.,91.1378378,92.69999998,94.22432432,95.83513513,98.35945945,100.1378378,136.3131579,138.2236842,140.0736842,141.8421052,143.8421052,145.7263158
1977.25,0,0.000,0,0,47.31477112,42.38,39.807,22.691,48.35,41.03,43.13924256,32.047,31.651,26.317,51.049,53.763,57.857,60.138,51.614,23.42232,177.5711278,3.746,219859,0.623000026,0.462000012,171.236,5.49333334,63.12193298,60.23333359,65.03333282,51.376,40.593,8.996666908,4.840000153,0,0.182999998,0.361000001,.,.,.,.,.,.,.,.,.,.,.,.,91.68378378,93.50270269,95.35135134,98.05405404,99.77837837,101.5918919,138.075,140.4825,142.5175,144.89,147.0175,149.1175
1977.5,-5,-0.002,0,0,47.89280912,43.138,40.187,23.025,48.59,41.474,43.51304676,33.794,32.061,26.868,50.887,53.861,58.191,60.167,51.56,23.77834,179.5734041,3.741,220458,0.623000026,0.463,172.793,5.613333225,63.60848618,61.06666565,65.1333313,51.942,41.449,8.829999924,5.496666431,-7,0.182999998,0.361000001,.,.,.,.,.,.,.,.,.,.,.,.,94.08823529,95.84117646,98.60588235,100.5676471,102.5558823,104.4411765,140.3810811,142.5891892,144.9675675,147.1486486,149.4675675,151.8108108
1977.75,0,0.000,0,0,48.94154745,43.129,40.793,23.508,49.633,41.873,44.12347033,32.84,32.639,27.767,50.215,53.688,57.621,58.505,51.645,24.142,180.844566,3.714,221109,0.623000026,0.463999987,174.386,5.71999979,64.45184326,61.96666718,65.8666687,53.032,42.169,8.943333626,6.110000134,0,0.182999998,0.361000001,.,.,.,.,.,.,.,.,.,.,.,.,97.39189186,100.1432432,101.7702703,103.7405405,105.4351351,108.2864865,142.2953488,144.427907,146.5348837,148.5255814,150.7209302,153.0581395
1978,0,0.000,0,0,49.66031981,43.276,41.031,22.885,49.845,42.542,44.63285406,33.491,32.913,28.042,50.468,53.775,57.823,58.876,51.657,24.49494,182.4641281,3.686,221629,0.623000026,0.465000004,175.035,5.856666565,65.71687317,63.03333282,67.46666718,54.017,43.63,9.196666718,6.393333435,2.9,0.186000004,0.368999988,.,.,.,.,.,.,.,.,.,.,.,.,98.80769228,100.3076923,102.3384615,103.8461538,106.8153846,108.9615385,144.2961538,146.5884615,148.6576923,150.8269231,153.4538461,155.3269231
1978.25,0,0.000,0,0,50.57248938,44.979,41.908,24.591,50.229,43.183,45.18242124,35.791,35.302,30.407,52.892,55.227,59.202,60.203,53.172,24.87112,187.5934098,3.779,222176,0.623000026,0.465999991,180.028,5.966666698,67.33870697,64.46666718,69.5,54.906,44.095,9.470000267,6.476666451,0,0.186000004,0.368999988,.,.,.,.,.,.,.,.,.,.,.,.,99.25454545,101.1515151,102.7090909,105.4818182,107.4848485,109.5060606,146.7444444,149.1222222,151.5083333,154.075,156.5057143,159.0085714
1978.5,0,0.000,0,0,51.41347424,45.42,42.085,24.26,50.619,43.492,45.51634302,36.895,36.316,31.493,53.626,55.667,59.411,60.365,53.768,25.23717,188.4286076,3.704,222805,0.623250008,0.467000008,180.766,6.099999905,68.47399902,65.96666718,70.59999847,55.747,44.796,9.5,7.313333511,0,0.186000004,0.368999988,.,.,.,.,.,.,.,.,.,.,.,.,97.01999999,98.932,101.536,103.28,105.1,106.72,150.6740741,153.6592592,156.8407407,160.0518518,163.0740741,165.7814815
1978.75,0,0.000,0,0,52.49891352,46.02,42.423,24.452,51.271,43.719,45.88403622,37.735,37.091,32.532,53.438,56.172,59.932,60.633,54.268,25.599,190.2296076,3.757,223477,0.62349999,0.467999995,182.823,6.25666666,70.09583282,67.5,72.19999695,56.945,45.854,9.78666687,8.569999695,0,0.186000004,0.368999988,.,.,.,.,.,.,.,.,.,.,.,.,100.0666667,102.9481481,104.8148148,106.3851852,108.1259259,111.2148148,153.6766666,156.61,159.41,162.3366666,165.0766666,167.8733333
1979,11,0.005,0,0,53.43731696,46.097,42.637,24.163,51.498,44.164,46.25107613,37.729,37.373,33.239,52.189,55.667,60.013,60.931,53.375,25.94752,191.0694345,3.663,224053,0.623750031,0.468999982,183.289,6.403333187,72.30153656,69.19999695,74.83333588,58.022,47.231,10.15666676,9.383333206,-10.1,0.196999997,0.384000003,.,.,.,.,.,.,.,.,.,.,.,.,102.0967742,104.1645161,106.4,108.1322581,111.1967742,113.4064516,156.4515151,159.669697,162.6909091,165.6454545,168.5818182,171.4666667
1979.25,0,0.000,0,0,54.7539065,46.141,42.612,23.616,51.399,44.439,46.39823311,37.642,37.083,33.14,51.214,56.255,60.755,62.156,53.869,26.26626,192.3436387,3.568,224632,0.624000013,0.469999999,183.097,6.503333092,74.76673126,71.40000153,77.46666718,59.619,48.305,10.39333344,9.376667023,0,0.196999997,0.384000003,.,.,.,.,.,.,.,.,.,.,.,.,104.0272727,105.8878788,107.6636364,110.6636364,112.8333333,115.16875,159.878125,163.25,166.596875,169.7375,172.553125,175.9258064
1979.5,0,0.000,0,0,55.94121191,46.472,43.031,24.274,52,44.616,46.71700299,36.909,37.756,34.172,50.606,56.337,60.661,61.972,54.066,26.55829,193.7203552,3.668,225295,0.624500036,0.471000016,185.591,6.630000114,77.19948578,73.69999695,79.90000153,60.89,49.401,10.39333344,9.673333168,0,0.196999997,0.384000003,.,.,.,.,.,.,.,.,.,.,.,.,106,108.1794118,111.4441176,113.8882353,116.2352941,118.7090909,163.9555555,167.7189189,171.4405405,174.9648648,178.5054054,181.8305555
1979.75,0,0.000,0,0,57.06866953,46.6,43.146,23.649,52.275,45.001,47.06545788,36.222,37.404,34.258,48.694,56.704,60.647,62.32,54.683,26.795,194.3511489,3.66,226027,0.625,0.472000003,186.112,6.75,80.05391693,76.03333282,82.69999695,62.019,50.565,11.8166666,11.84333324,0,0.196999997,0.384000003,.,.,.,.,.,.,.,.,.,.,.,.,108.7322581,111.8451613,114.0774194,116.3580645,118.6064516,122.1322581,167.1,171.1129032,174.3225806,177.8774193,181.4741935,184.7
1980,169.1,0.064,0,1,58.26951872,46.75,43.071,23.277,52.249,45.052,47.08968068,35.959,36.875,34.634,44.968,57.616,62.588,64.154,54.936,26.96835,193.1661415,3.662,226656,0.625499964,0.47299999,185.496,6.883333206,83.8814621,79.03333282,86.53333282,63.351,52.105,13.47999954,13.35333347,1.7,0.202999994,0.400000006,.,.,.,.,.,.,.,.,.,.,.,.,115.0346154,118.15,120.9576923,124.4230769,129.0307692,132.7291667,170.9148148,174.7925926,178.5185185,182.3740741,186.0555555,189.972
1980.25,0,0.000,0,0,59.57372467,45.792,42.093,20.767,51.542,44.748,46.65115393,32.715,33.668,32.876,36.649,57.795,64.162,64.308,54.218,27.0882,189.062338,3.64,227251,0.625999987,0.474000007,183.232,7.029999733,85.92498016,81.69999695,88.26667023,64.764,53.423,13.35666656,9.616666794,8.2,0.202999994,0.400000006,.,.,.,.,.,.,.,.,.,.,.,.,119.92,123.476,127.024,132,135.624,139.6458333,174.4793103,178.562069,182.4758621,186.3103448,189.9655172,193.9607143
1980.5,0,0.000,0,0,60.93596167,45.707,42.545,21.688,51.415,45.244,46.93254054,30.221,34,33.124,37.275,56.998,63.297,64.427,53.456,27.19416,189.4564537,3.665,227953,0.626749992,0.474999994,182.669,7.233333111,88.06580353,83.23332977,91.16666412,66.239,54.736,13.16666603,9.153333664,0,0.202999994,0.400000006,.,.,.,.,.,.,.,.,.,.,.,.,123.9714286,127.8238095,133.4666667,137.5809524,141.7333333,146.2714286,178.8458333,182.575,186.3833333,189.925,193.5458333,197.1291666
1980.75,0,0.000,1,0,62.62459185,46.552,43.112,22.349,51.617,45.92,47.44174715,33.294,35.351,33.82,40.917,56.94,63.511,65.275,53.223,27.302,191.6684271,3.694,228612,0.627499998,0.476000011,184.628,7.45666647,89.97956848,85.56666565,93.26667023,67.893,56.11,14.67000008,13.61333275,0,0.202999994,0.400000006,.,.,.,.,.,.,.,.,.,.,.,.,129.0666667,136.1766667,140.5733333,145.3933333,150.4066667,157.3866667,183.0266666,187.2566666,191.7466666,195.71,199.68,203.82
1981,74.5,0.026,0,0,64.21296296,47.52,43.348,22.983,52.073,45.836,47.47742272,36.603,35.61,34.365,40.186,57.696,64.826,66.514,53.623,27.43107,194.0191637,3.691,229071,0.628250003,0.476999998,185.265,7.626666546,92.93132019,87.93333435,96.09999847,69.672,57.562,15.24666691,14.39000034,21.3,0.208000004,0.418000013,.,.,.,.,.,.,.,.,.,.,.,.,142.3090909,146.9852941,151.7735294,156.2352941,163.5411765,169.24375,183.9515151,188.2588235,192.5411765,196.8529412,201.2529412,204.8787879
1981.25,0,0.000,0,0,65.42712289,47.141,43.347,22.089,52.304,46.139,47.7538296,34.86,35.845,35.058,38.824,57.825,66.761,68.523,52.596,27.56278,194.00248,3.636,229575,0.629000008,0.477999985,184.287,7.806666851,95.1370163,89.7666626,98.26667023,70.997,58.624,15.77000046,14.9066658,0,0.208000004,0.418000013,.,.,.,.,.,.,.,.,.,.,.,.,145.0441176,150.4621622,155.8621622,164.0351351,169.5756757,175.1694444,187.75,191.7605263,195.7921052,200.0868421,204.0736842,208.1444444
1981.5,0,0.000,0,0,66.58562656,47.713,43.523,22.761,52.42,46.1,47.7683595,37.024,35.849,35.912,35.829,57.694,66.689,69.108,52.427,27.69668,192.9866705,3.566,230187,0.629999995,0.479249984,183.531,7.96333313,95.85062408,92.2666626,98.93333435,72.296,59.896,16.4766674,15.05333328,-8.9,0.208000004,0.418000013,109.5095238,109.9166667,111.425,111.7625,112.9916667,112.8291667,181.552381,181.3041667,181.3916667,181.6833333,181.9291667,182.35,.,.,.,.,.,.,191.0967742,194.44,198.0228571,201.7857143,205.2714286,209.367647
1981.75,0,0.000,0,0,67.80067489,47.119,43.194,21.126,52.621,46.136,47.85860947,35.588,35.718,36.776,32.159,58.225,67.403,70.367,52.844,27.81,191.8205809,3.736,230822,0.631000042,0.480499983,184.493,8.076666832,96.36961365,93.76667023,98.83333588,73.453,60.796,16.68333244,11.75,0,0.208000004,0.418000013,110.5612903,111.283871,112.1548387,112.7516129,114.083871,115.3612903,179.6096774,178.3806452,178.0709677,177.9483871,178.3419355,178.2129032,.,.,.,.,.,.,195.2906977,199.1340909,203.0534884,206.5116279,210.2372093,214.0627907
1982,0,0.000,0,0,68.72006214,46.346,43.473,21.803,52.718,46.306,48.00887672,31.88,34.636,35.906,30.305,58.167,67.508,71.161,52.68,27.90674,188.655401,3.7,231313,0.632000029,0.481750011,181.6,8.236666679,97.01834869,94.59999847,99.69999695,74.365,62.384,17.03333282,12.81333351,-43.2,0.194000006,0.404000014,115.6884615,113.9653846,114.0730769,115.5461538,116.8846154,117.8565217,179.0961538,178.4230769,177.6653846,177.2192308,177.1038462,176.8913043,.,.,.,.,.,.,199.7666666,202.7588235,205.9088235,209.267647,212.8147059,216.3933333
1982.25,0,0.000,0,0,69.55168788,46.597,43.63,21.883,52.627,46.61,48.17711187,31.852,33.425,34.622,29.349,58.506,68.12,73.141,52.846,28.00315,189.7763098,3.815,231809,0.633000016,0.48300001,182.902,8.326666832,96.92103577,95.96666718,99.80000305,75.211,63.016,16.78000069,12.42000008,0,0.194000006,0.404000014,118.0709677,116.9322581,117.3064516,118.6096774,121.616129,120.6225806,178.00625,177.159375,177.1375,176.6875,176.690625,176.559375,.,.,.,.,.,.,201.8357143,204.0023809,206.4619047,209.5809524,212.4809524,215.2309524
1982.5,0,0.000,0,0,70.54311998,46.417,43.964,22.059,52.851,47.049,48.54410851,31.48,32.494,33.453,29.256,58.906,69.141,74.413,52.85,28.11946,189.2335451,3.78,232392,0.634000003,0.483999997,181.595,8.42666626,97.56977081,97.6333313,100.2333374,76.227,63.902,16.25,9.316666603,0,0.194000006,0.404000014,110.9344828,111.3068966,112.9310345,113.9551724,114.5793103,115.7068965,175.8896552,174.8896552,174.637931,174.7655172,174.4793103,174.462069,.,.,.,.,.,.,206.2525,209.3634146,212.5365854,215.2707317,218.2292683,221.3268293
1982.75,0,0.000,0,0,71.3070995,46.454,44.765,23.066,53.394,47.836,49.24376376,28.677,32.441,32.78,31.398,59.923,71.185,76.541,53.217,28.282,188.2684285,3.78,232993,0.63499999,0.485000014,180.491,8.46333313,97.73195648,97.93333435,100.3333359,76.867,64.72,14.39000034,7.906666756,0,0.194000006,0.404000014,114.9285714,117.9655172,118.5,118.4103448,119.7344828,120.7793103,174.8428571,174.7827586,174.2965517,174.0344828,173.8310345,173.7448276,.,.,.,.,.,.,208.7054054,211.1,213.7351351,216.5081081,219.4297297,222.4972973
1983,0,0.000,0,0,71.88722572,47.032,45.204,23.3,53.567,48.464,49.72224643,29.698,33.15,32.167,36.749,60.373,72.042,76.996,53.408,28.50958,189.503913,3.847,233473,0.636000037,0.486000001,181.651,8.566666603,97.602211,98,100.3666687,77.424,65.303,13.83333302,8.106666565,-30.9,0.182999998,0.391000003,122.2807692,120.4703704,121.0518518,122.7296296,125.0777778,127.716,175.0923077,174.962963,174.8259259,174.837037,174.737037,174.828,.,.,.,.,.,.,210.6805555,212.775,215.2444444,217.8583333,220.6444444,222.9774193
1983.25,0,0.000,0,0,72.41157021,48.089,46.102,24.998,54.198,49.083,50.33948677,32.564,34.43,32.56,41.103,60.889,73.574,78.776,53.279,28.81187,191.4291769,3.877,233922,0.637000024,0.486999989,183.405,8.636666298,97.69952393,99.1333313,100.7333374,77.836,65.888,13.25,8.396666527,0,0.182999998,0.391000003,117.9633333,118.43,120.9333333,122.3866667,124.23,125.7,174.9333333,174.8666667,175.0466667,175.4566667,175.66,176.2633333,.,.,.,.,.,.,213.3525,215.545,217.8725,220.4325,223.1333333,225.8538461
1983.5,0,0.000,0,0,73.15088607,49.037,46.917,25.959,55.022,49.786,51.07650101,34.754,36.488,34.032,45.174,61.946,75.639,79.314,53.7,29.1751,195.3652159,3.84,234501,0.638249993,0.488249987,186.233,8.726666451,98.6401825,100.0999985,101.7000046,78.602,66.167,13.52666664,9.140000343,0,0.182999998,0.391000003,117.9666667,120.664,122.332,124.292,126.372,128.148,174.0666667,174.624,175.172,175.792,176.356,177.252,.,.,.,.,.,.,215.03,217.221875,219.703125,222.4,225.146875,228.109375
1983.75,0,0.000,0,0,73.68683942,50.051,47.661,27.239,55.692,50.294,51.63534208,38.413,38.625,36.236,47.083,60.899,72.99,81.355,53.667,29.596,197.9385882,3.832,235078,0.639500022,0.489499986,188.339,8.836667061,99.28891754,101.0999985,102.1999969,79.097,67.062,13.60666656,8.800000191,0,0.182999998,0.391000003,119.85,119.7137931,122.2,124.3827586,126.4965517,128.2551724,176.8206896,177.7866667,178.7333333,179.5533333,180.1966667,181.01,.,.,.,.,.,.,216.3222222,218.7648648,221.5216216,224.3486486,227.5378378,230.3216216
1984,0,0.000,0,0,74.62417436,51.021,48.069,28.267,55.834,50.542,51.85027669,42.434,39.837,37.417,48.391,61.512,73.614,81.609,54.281,30.06095,201.1920123,3.892,235527,0.640750051,0.490750015,191.708,8.930000305,100.164711,102.5333328,103.3333359,79.753,67.848,13.74333286,9.170000076,-24,0.185000002,0.393000007,117.1521739,118.7523809,121.9571429,124.2190476,126.2333333,127.9894737,176.4041666,177.25,178.2272727,178.8772727,179.7363636,181.015,.,.,.,.,.,.,218.6172414,221.0266666,223.5033333,226.2033333,229.27,232.062069
1984.25,0,0.000,0,0,75.26299565,51.902,48.757,28.923,57.054,50.968,52.52132286,43.865,41.475,39.278,49.287,62.838,75.924,82.477,54.984,30.55806,204.6895329,3.976,235993,0.64200002,0.492000014,194.38,9,100.9431992,103.5,104.0333328,80.299,68.455,14.69999981,9.796666145,0,0.185000002,0.393000007,114.66,121.444,124.224,126.592,128.375,129.8208333,177.86,179.1423077,180.55,181.9923077,182.66,183.204,.,.,.,.,.,.,220.7205882,223.2057143,225.8742857,228.82,231.7771428,234.9857143
1984.5,0,0.000,0,0,75.86772759,52.407,49.133,28.932,57.098,51.632,52.98910943,44.884,42.36,40.571,48.814,63.302,75.634,82.148,55.942,31.06907,205.7491611,3.974,236549,0.643000007,0.493000001,195.074,9.086667061,100.813446,104.4000015,103.8000031,80.803,69.37,14.71000004,10.31999969,8,0.185000002,0.393000007,123.5909091,126.1363636,128.4772727,130.3636364,130.6190476,132.2857143,178.7909091,180.2727273,181.9090909,183.2272727,184.5454545,185.3636364,.,.,.,.,.,.,222.296,224.4692307,226.9384615,229.5538461,232.4115384,235.3076923
1984.75,0,0.000,0,0,76.35379403,52.833,49.78,29.871,57.537,52.221,53.52748721,44.148,43.12,41.55,48.864,64.659,78.144,85.65,56.569,31.603,206.425984,3.91,237159,0.644000053,0.494000018,195.778,9.186666489,100.910759,105.3000031,103.5333328,81.22,69.925,13.60666656,8.803333282,0,0.185000002,0.393000007,126.6173913,128.9086956,129.8318182,131.2636364,133.2714286,134.8571429,181.0375,182.4304348,183.373913,184.5130435,185.4782609,186.373913,.,.,.,.,.,.,224.2774193,226.7096774,229.0548387,231.5645161,234.132258,236.883871
1985,0,0.000,0,0,77.19942999,53.332,50.624,30.909,57.889,53.164,54.2850297,42.692,43.453,42.033,48.713,65.4,78.977,86.242,57.256,32.15361,208.0418956,3.901,237602,0.645000041,0.495000005,197.1,9.293333054,100.910759,106.2666702,103.2666702,81.97,70.798,13.39333344,8.183333397,8.8,0.185000002,0.398999989,129.2190476,130.4142857,132.2142857,133.9190476,135.4809524,137.1944444,181.7523809,183.7809524,184.847619,186.8857143,187.6428571,188.7722222,.,.,.,.,.,.,225.9541666,227.7958333,229.7625,232.0916667,234.5958333,236.9666667
1985.25,0,0.000,0,0,77.63977465,53.783,51.086,31.276,58.34,53.647,54.75713298,43.429,43.999,42.631,49.102,66.867,80.904,88.731,58.439,32.71324,208.4659657,3.942,238074,0.646000028,0.495999992,198.264,9.369999886,101.2999954,107.2333298,103.3666687,82.303,71.407,13.0199995,7.460000038,0,0.185000002,0.398999989,132.9590909,131.3590909,132.9318182,134.8727273,136.23,137.76,181.1583333,182.775,184.3583333,185.7208333,186.7227273,187.6590909,.,.,.,.,.,.,229.1214286,231.0892857,233.2285714,235.7035714,238.3037037,240.8925926
1985.5,0,0.000,0,0,77.95657586,54.624,52.056,33.279,58.82,54.369,55.40072996,42.949,43.645,41.979,49.725,68.603,83.617,92.308,59.565,33.31604,209.9990952,3.983,238679,0.646750033,0.496999979,199.138,9.430000305,100.910759,107.9000015,102.6666641,82.524,72.508,12.47000027,7.106666565,0,0.185000002,0.398999989,130.4521739,132.0695652,133.7,134.9434783,136.2,136.8045455,183.4333333,184.25,185.4166667,186.4291667,187.2083333,187.7304348,.,.,.,.,.,.,230.6870967,232.5741935,234.7580645,237.0903226,239.7903226,242.4566667
1985.75,0,0.000,0,0,78.4676042,55.038,52.17,32.133,59.344,54.806,55.86006163,44.629,44.469,42.7,50.908,69.013,83.585,92.727,60.258,33.91,212.4625486,4.008,239307,0.647500038,0.497999996,200.205,9.5,101.4621811,109,103.3000031,82.932,73.825,11.97666645,7.166666508,0,0.185000002,0.398999989,139.8894737,138.4631579,138.3105263,138.8789474,140.068421,141.0526316,186.075,187.37,188.29,189.34,190.05,191.1,.,.,.,.,.,.,232.1458333,234.1916667,236.325,238.4166666,240.7125,243.25
1986,0,0.000,0,0,78.86695341,55.567,52.605,32.789,60.097,54.996,56.22244206,44.537,44.533,42.113,53.084,69.759,83.141,92,61.759,34.533,213.2145498,3.933,239788,0.648249984,0.499000013,199.891,9.556666374,99.83333588,109.5666656,101.7333298,83.244,74.66,11.01666641,6.896666527,4.2,0.194000006,0.400999993,345.0473684,336.8052631,334.7473684,336.268421,336.2842105,336.8578946,401.215,405.1749999,408.005,410.19,412.58,414.225,.,.,.,.,.,.,113,113.932,114.78,115.928,116.908,118.288
1986.25,0,0.000,0,0,79.28302563,55.79,53.166,33.947,60.632,55.307,56.59714693,43.548,44.427,41.059,56.03,71.242,85.792,95.469,62.514,35.18427,214.3802338,4.045,240271,0.648999989,0.5,200.567,9.576666832,98.09999847,109.0333328,99.83333588,83.553,75.365,10.27333355,6.139999866,0,0.194000006,0.400999993,317.9954545,320.6954545,323.9090909,326.690909,326.8045454,328.4285714,398.9636362,401.2272727,403.1636363,404.840909,406.8227272,394.3571428,.,.,.,.,.,.,113.725,114.2678571,114.9785714,115.9428571,116.9178571,118.0592592
1986.5,0,0.000,0,0,79.73476779,56.328,54.095,36.843,60.758,55.753,56.94895413,42.183,44.177,40.459,56.893,72.854,89.039,99.187,63.114,35.88529,215.5490347,3.963,240854,0.649749994,0.500750005,200.916,9.603333473,97.5,109.6999969,99.3666687,83.921,76.188,10.18000031,5.523333549,0,0.194000006,0.400999993,326.6157893,326.968421,330.8315789,330.0210525,330.4210525,332.6315788,412.5263157,415.7842104,418.1052631,419.8842104,421.4578946,423.6789472,.,.,.,.,.,.,114.1333333,114.625,115.3125,116.05,116.975,117.8916666
1986.75,-89.4,-0.020,0,0,80.27031802,56.6,54.421,36.259,61.252,56.354,57.51945476,42.249,44.471,40.874,56.791,72.436,87.657,96.41,63.29,36.556,217.5703757,4.01,241467,0.6505,0.50150001,202.645,9.640000343,98.26667023,110.4666672,99.73332977,84.351,77.138,10.09333324,5.353333473,22.7,0.194000006,0.400999993,332.5499997,338.1749999,334.9399999,334.5999999,336.2849999,339.525,420.0315789,421.2526315,422.7210526,424.1736842,426.6736841,428.8421053,.,.,.,.,.,.,115,115.6583333,116.5208333,117.3,118.4125,119.4625
1987,0,0.000,0,0,81.01873001,56.914,54.338,34.108,61.332,57.018,58.09976353,43.539,43.59,39.75,56.641,72.732,88.179,97.831,63.449,37.15637,219.7542647,4.04,241930,0.651250005,0.502250016,204.937,9.68999958,99.3666687,111.8000031,100.9000015,85.07,77.541,9.659999847,5.53666687,-7.2,0.185000002,0.375,378.1888888,370.1333333,370.011111,372.2388888,380.4999999,377.5875,430.7444442,433.261111,436.0944443,440.5944443,442.911111,439.4999999,.,.,.,.,.,.,115.2318182,116.1318182,117.0772727,118.2545454,119.3409091,120.4904762
1987.25,0,0.000,0,0,81.48090196,57.519,55.066,35.507,61.8,57.56,58.61984015,43.6,44.37,40.703,56.89,73.192,89.403,100.183,63.446,37.75766,221.3935991,3.94,242423,0.65200001,0.503000021,205.468,9.726666451,100.5666656,113.0666656,102.5,85.437,78.056,10.35666656,5.656666756,0,0.185000002,0.375,331.8818179,335.8954545,337.790909,342.4636363,339.0999999,339.7181817,424.669565,427.1608695,428.8260869,431.1434782,432.7347826,435.4565216,.,.,.,.,.,.,116.2296296,117.4,118.5703704,119.6851852,120.8074074,122.0518518
1987.5,0,0.000,0,0,82.12106588,58.018,55.68,36.974,61.851,58.051,58.98195364,43.644,45.314,42.014,56.718,73.194,89.498,101.665,63.393,38.36787,222.5979139,3.878,243012,0.652999997,0.503750026,206.145,9.796667099,101.4000015,114.2666702,103.6666641,86.141,78.885,10.90666676,6.04333353,-20,0.185000002,0.375,329.1999998,336.0388888,341.3055555,338.4722221,339.0166665,340.1647058,435.136842,438.0999999,440.8894736,443.8210526,446.1315788,448.4388889,.,.,.,.,.,.,117.1727273,118.3818182,119.8181818,121.0909091,122.3363636,123.5809524
1987.75,0,0.000,0,0,82.748979,59.011,55.814,35.975,61.926,58.643,59.41928913,47.048,45.308,41.916,56.996,74.08,90.829,101.522,64.012,38.955,224.0665961,4.011,243639,0.654000044,0.504500031,209.263,9.866666794,102.0999985,115.3333359,104.1666641,86.51,79.836,11.38000011,5.863333225,0,0.185000002,0.375,337.1666664,345.6866666,338.3933332,337.8066666,339.6933332,343.6133333,437.0499997,440.025,442.7687499,445.4812499,448.1874999,451.0124999,.,.,.,.,.,.,117.8578947,118.8105263,119.7736842,120.9473684,121.9157895,123.268421
1988,-242,-0.050,0,0,83.42774294,59.316,56.746,37.678,62.594,59.351,60.11148641,44.397,45.249,42.238,55.763,73.721,88.361,100.432,64.922,39.57207,225.6137458,4.01,244131,0.655000031,0.505249977,209.722,9.923333168,102.5999985,116.2333298,104.7666702,87.294,81.296,10.75333309,5.723333359,19.1,0.187999994,0.356000006,354.6533333,342.9866666,342.3466666,343.8333332,349.6399999,345.1066666,440.6666667,443.8199999,446.1666666,449.3399999,452.5266666,455.54,.,.,.,.,.,.,118.7333333,119.7111111,120.7611111,121.8666667,123.1666667,124.5222222
1988.25,0,0.000,0,0,84.21219082,60.078,57.159,37.691,63.092,59.865,60.61719238,45.477,46.134,43.277,56.205,73.914,87.461,99.576,65.773,40.18577,227.5005647,3.993,244610,0.656000018,0.505999982,212.665,10.01666641,103.8666687,117.5666656,106.5,87.987,82.307,10.97999954,6.210000038,0,0.187999994,0.356000006,325.8142856,332.2812499,334.1999999,338.19375,334.7375,335.38125,443.1928571,445.6125,447.9999999,450.6749999,453.13125,455.0062499,.,.,.,.,.,.,119.3470588,120.4833333,121.5722222,122.8222222,124.0555555,125.3388889
1988.5,0,0.000,0,0,85.16261509,60.388,57.609,37.2,63.527,60.66,61.3058264,45.769,46.312,43.504,56.24,73.871,86.806,98.608,66.099,40.78226,227.8711438,3.947,245240,0.656750023,0.506749988,212.909,10.07999992,105.0333328,119,108,89.065,83.339,11.07333279,7.009999752,0,0.187999994,0.356000006,326.3714284,333.7133333,337.9799999,336.0266665,336.2599999,337.5666666,452.542857,454.1533332,456.9266666,459.8266666,462.84,465.1266666,.,.,.,.,.,.,120.7388889,121.9277778,123.1611111,124.4388889,125.8055555,127.05
1988.75,-58.8,-0.011,0,0,85.80766402,61.195,58.288,38.163,64.189,61.212,61.88728495,46.375,46.776,43.962,56.734,75.372,89.413,100.687,66.939,41.379,229.5360133,3.932,245884,0.657500029,0.507499993,215.169,10.1833334,106.0333328,120.3000031,108.5,89.688,83.792,10.51333332,7.726666451,0,0.187999994,0.356000006,325.853846,330.6923077,332.0230769,332.7615384,333,334.7,454.9307692,457.1538461,459.9692307,462.7923076,464.8999999,467.5153845,.,.,.,.,.,.,122.3,123.74,125.0933333,126.5066666,127.8133333,129.18
1989,0,0.000,0,0,86.77977626,61.769,58.502,37.994,64.48,61.528,62.19663035,48.152,47.242,44.705,56.362,74.909,87.583,97.426,67.29,41.95212,230.9590768,3.932,246378,0.658249974,0.508249998,217.161,10.26000023,107.9666672,121.6666641,110.9333344,90.7,84.023,10.64333344,8.539999962,0,0.184,0.360000014,333.4933332,333.2066666,333.3466666,333.5999999,335.0333333,332.9571427,458.1733333,460.5999999,463.0133332,465.2533332,467.4933332,470.5785713,.,.,.,.,.,.,123.8235294,125.0941176,126.5235294,127.9352941,129.3764706,130.925
1989.25,0,0.000,0,0,87.63478009,62.231,58.763,38.501,64.577,61.756,62.38838493,47.59,47.307,45.341,54.693,76.069,89.554,99.502,67.965,42.51255,231.6941586,3.983,246906,0.658999979,0.509000003,218.4,10.30333328,109.8666687,123.6333313,112.8000031,91.613,84.394,10.36666679,8.409999847,0,0.184,0.360000014,337.6999999,338.6937499,338.7499999,338.7749999,340.6666665,341.3785714,473.8625,476.0562499,479.0249999,482.2249998,486.6599998,492.042857,.,.,.,.,.,.,125.1882353,126.6294117,128.0529412,129.3764706,130.8,132.225
1989.5,0,0.000,0,0,88.20884815,62.725,59.373,39.371,65.225,62.234,62.91600401,47.03,48.13,46.64,54.097,76.786,90.416,100.711,68.595,43.06581,233.0332092,3.927,247573,0.659749985,0.509249985,218.647,10.3866663,109.8000031,124.5999985,112.4000015,92.097,85.004,9.886666298,7.843333244,0,0.184,0.360000014,345.928571,345.192857,346.4714285,346.6499999,347.3499999,348.0999999,477.7571425,481.2142856,484.392857,488.1428571,491.3999999,495.0714284,.,.,.,.,.,.,126.0466667,127.2466666,128.4466666,129.8866666,131.2466666,132.68
1989.75,-507.6,-0.092,0,0,88.79291146,62.862,59.664,38.175,65.964,62.876,63.5844615,46.548,47.337,45.952,52.96,77.194,89.962,99.703,69.512,43.584,234.7220371,4.035,248281,0.66049999,0.509500027,219.761,10.4533329,110.8666687,125.8666687,112.8333359,92.615,86.138,9.813333511,7.653333187,0,0.184,0.360000014,335.9615383,338.7285713,336.05,335.3999999,334.0999999,335.1357142,470.0142856,472.8666666,475.7066666,478.4333333,481.3133333,484.2266666,.,.,.,.,.,.,126.6666666,127.88,129.1266666,130.4,131.7666666,133.1066666
1990,0,0.000,0,0,89.86586479,63.518,60.135,39.787,65.879,63.15,63.75593338,47.006,47.926,46.562,53.5,78.385,91.312,99.921,70.609,44.10598,235.7118376,3.904,248827,0.661249995,0.509750009,219.913,10.61666679,112.4000015,128.0333405,114.5,93.704,87.96,10.09666634,7.759999752,10.3,0.180999994,0.361999989,333.8461536,334.1769229,333.5538461,332.8999999,332.3846153,330.4,474.1538461,476.5461537,478.8461537,481.5076922,484.2230768,486.4307691,.,.,.,.,.,.,128.0076923,129.3461538,130.6,131.9,133.2769231,134.6769231
1990.25,0,0.000,0,0,90.90966113,63.771,60.334,38.472,65.951,63.937,64.33418051,47.019,46.818,45.758,51.442,78.501,91.421,99.639,70.73,44.57673,236.0714187,3.761,249565,0.662,0.50999999,218.723,10.7300005,112.9333344,129.3000031,114.3333359,94.728,89.954,10.31000042,7.746666431,0,0.180999994,0.361999989,335.5222221,334.4666665,334.9333333,336.1666666,334.2333332,334.0777777,479.5888888,482.1777777,486.0333332,489.9888888,492.9777776,495.9444443,.,.,.,.,.,.,129.6888889,130.9,132.2333333,133.5777777,135.0333333,136.4222222
1990.5,0,0.000,0,0,91.7453348,63.77,60.563,38.082,66.058,64.429,64.71111196,45.912,46.312,46.05,48.519,78.478,90.605,97.934,71.172,44.99325,235.7961239,3.861,250439,0.662750006,0.510500014,218.714,10.82333374,114.6666641,131.5333405,116.4666672,95.478,91.38,10.41666698,7.476666451,0,0.180999994,0.361999989,344.7692308,340.9153844,341.3307692,338.7923076,338.9923076,337.4416666,475.1538461,477.6923075,479.8076922,482.4615384,484.7461538,487.9999999,.,.,.,.,.,.,130.9230769,132.3076923,133.7,135.1307692,136.4692307,137.8666666
1990.75,112.1,0.019,0,0,92.48390312,63.211,60.091,37.033,65.395,64.252,64.39373757,43.009,44.993,45.17,45.832,79.257,91.401,99.725,71.939,45.335,234.1301011,3.828,251346,0.663500011,0.511000037,218.124,10.91333389,117.8333282,133.7666626,119.8666687,96.209,92.111,10.59666634,6.989999771,0,0.180999994,0.361999989,345.967857,347.3428571,345.8142856,344.0357142,342.6499999,340.7321428,477.2249999,478.7678571,480.7499999,482.7214285,484.1285713,486.4464285,.,.,.,.,.,.,132.0966666,133.6666666,135.1933333,136.53,137.8233333,139.11
1991,0,0.000,0,0,93.47746602,62.905,59.92,36.013,65.426,64.296,64.43255286,41.258,43.452,44.004,43.105,79.579,92.11,100.593,72.031,45.5914,232.0400261,3.829,252135,0.664250016,0.511500001,216.471,10.98333359,116.1333313,134.7666626,117.4666672,97.169,92.88,10.2033329,6.023333073,35.2,0.179000005,0.370999992,350.829032,356.0580644,355.7999999,353.0870966,350.3838708,346.0629628,481.1499998,480.9937498,482.2531248,483.4593749,485.0937499,487.1214284,.,.,.,.,.,.,133.0971428,134.7342857,135.9428571,137.0885714,138.2514285,139.4233333
1991.25,0,0.000,0,0,94.14179694,63.33,60.377,36.194,65.81,64.864,64.94759081,41.05,43.387,43.582,44.124,79.857,92.371,100.318,72.317,45.80204,231.5169548,3.798,252913,0.665000021,0.512000024,215.476,11.08333302,115.5333328,135.5666656,116.3000031,97.785,94.621,9.920000076,5.559999943,0,0.179000005,0.370999992,346.9794868,346.7179485,345.7384614,344.1846152,342.0305554,340.8694442,480.8230768,480.7948717,481.5820511,483.1846152,484.5555553,486.572222,.,.,.,.,.,.,134.9095238,136.0333333,137.1666666,138.297619,139.4846154,140.6692307
1991.5,0,0.000,0,0,94.87546387,63.596,60.608,36.75,65.921,65.025,65.09352677,42.072,43.532,43.17,45.952,79.478,90.65,97.631,72.733,45.998,231.4394733,3.745,253807,0.665750027,0.512250006,215.642,11.19000053,115.5999985,136.6000061,116.1333313,98.528,95.641,9.683333397,5.376666546,0,0.179000005,0.370999992,357.0714282,352.2107141,350.4857141,348.9642855,348.3464284,347.559259,480.0214282,479.7035712,480.685714,482.1321426,484.167857,486.4037035,.,.,.,.,.,.,136.0848485,137.1636363,138.2757576,139.3909091,140.6090909,141.734375
1991.75,-112.1,-0.019,0,0,95.42492873,63.846,60.581,36.151,65.355,65.41,65.20259712,43.683,43.614,42.942,46.96,79.144,88.871,94.314,73.258,46.203,231.8932463,3.669,254718,0.666499972,0.512500048,215.491,11.25666714,116.3000031,137.7333374,116.2333374,98.984,96.745,9.399999619,4.539999962,0,0.179000005,0.370999992,340.7999992,341.0611109,340.3555553,338.4749998,337.9944443,336.0833331,478.6999998,478.8027775,479.4527775,480.0388887,481.7527775,483.9777775,.,.,.,.,.,.,136.9,137.9025641,138.9846154,140.0153846,141.1076923,142.2282051
1992,0,0.000,0,0,95.911443,64.546,61.622,37.57,66.327,66.326,66.13142,42.712,44.065,42.749,49.356,79.745,88.899,92.843,74.201,46.45923,233.1621992,3.622,255448,0.667249978,0.51275003,214.893,11.28999996,116.2000046,138.6666718,115.9000015,99.283,98.652,9.203332901,3.893333197,0,0.175999999,0.368999988,370.1999998,370.0759998,369.044333,369.4849442,366.8405831,364.9377739,551.6999998,552.2356108,553.516083,555.2479442,557.0991941,559.2766449,.,.,.,.,.,.,117.9102564,118.7683077,119.6061282,120.504,121.4267948,122.535647
1992.25,0,0.000,0,0,96.50478293,65.232,61.988,37.831,66.607,66.751,66.51266778,45.525,45.798,44.445,51.244,79.651,88.81,92.91,74.106,46.75208,233.5467066,3.547,256285,0.667999983,0.513000011,215.911,11.3866663,117.4666672,139.7333374,117.1666641,99.74,99.282,9.130000114,3.680000067,0,0.175999999,0.368999988,372.7999992,371.7034703,371.1097056,369.3522939,367.9295622,366.739031,557.12647,558.0952351,558.2996175,561.9762055,564.4221247,567.3798435,.,.,.,.,.,.,118.7972973,119.6426486,120.5364865,121.4765946,122.6682571,123.6775
1992.5,0,0.000,0,0,96.9531902,65.905,62.673,38.638,67.003,67.493,67.15626902,45.996,46.494,45.343,51.361,80.06,89.824,94.185,74.153,47.07785,233.2579702,3.422,257232,0.668500006,0.513249993,215.868,11.45333385,117.6666641,140.8000031,117.8666687,100.192,100.831,8.703332901,3.083333492,0,0.175999999,0.368999988,375.5999994,373.9618482,371.8446665,369.5492118,367.9339998,366.278818,562,563.7758482,565.5403634,567.6335755,570.4141815,572.7748786,.,.,.,.,.,.,120.5,121.2653889,122.0818611,123.0899166,123.9454444,124.8294444
1992.75,0,0.000,0,0,97.50296551,66.599,63.438,39.406,67.675,68.276,67.905648,47.452,47.942,46.707,53.106,80.083,89.87,93.464,74.165,47.428,233.6797759,3.339,258147,0.66900003,0.513499975,217.113,11.48999977,118.1333313,142.0333405,117.8333359,100.757,101.221,8.869999886,3.069999933,0,0.175999999,0.368999988,376.5078945,373.7130787,372.0147629,370.8869997,370.9164734,370.1800524,562.152631,564.5595523,566.8385787,569.5848682,572.6174208,576.1694997,.,.,.,.,.,.,121.2025641,121.9621795,122.9084102,123.7759743,124.6441025,125.5357948
1993,0,0.000,0,0,98.08755864,66.721,63.695,39.788,67.743,68.56,68.12720326,48.567,48.221,47.004,53.348,79.239,87.106,89.785,74.467,47.79009,235.3457116,3.296,258919,0.669499993,0.513750017,218.594,11.56999969,118.8666687,143.0666656,118.3666687,101.288,101.563,8.403333664,2.960000038,0,0.178000003,0.379000008,376.3176463,374.5648526,373.0169703,371.8607938,370.5496467,368.2959996,562.608823,564.6384409,567.525882,570.618882,574.2452349,576.8873663,.,.,.,.,.,.,121.7,122.537303,123.3484545,124.2065757,125.1035454,125.9744666
1993.25,0,0.000,0,0,98.62840293,67.148,64.306,41.08,68.281,68.963,68.5677091,48.948,49.3,48.255,53.976,79.18,85.876,88.463,75.107,48.17601,236.0482502,3.289,259680,0.670000017,0.513999999,221.094,11.65333366,119.6666641,144.1000061,119.5,101.8,102.034,8.140000343,2.966666698,0,0.178000003,0.379000008,359.6999998,363.6700854,362.945314,360.6816283,359.3821872,359.3865622,561.7999992,565.5236174,568.004235,571.7272056,574.798419,577.4799997,.,.,.,.,.,.,122.8714285,123.7307143,124.5999143,125.5113714,126.4207812,127.429375
1993.5,0,0.000,0,0,99.08299013,67.502,65.004,41.538,68.957,69.732,69.30966079,48.914,50.174,48.793,55.839,79.101,84.97,87.26,75.523,48.58186,237.7092391,3.177,260566,0.67050004,0.51424998,221.422,11.72666645,118.7666702,144.7666626,118.8666611,102.174,102.487,7.623333454,3.00333333,22.8,0.178000003,0.379000008,354.2999992,354.1180721,352.3856947,350.103046,349.0445809,347.2691637,565.8647051,568.6936442,571.6501819,574.0119273,577.0558258,578.1343388,.,.,.,.,.,.,123.7,124.5496718,125.4745466,126.4072167,127.3875896,128.2777736
1993.75,0,0.000,0,0,99.62715483,68.393,65.582,42.537,69.437,70.198,69.77957778,51.495,52.403,50.841,58.651,79.491,85.415,88.097,75.88,49.017,239.9272553,3.154,261425,0.671000004,0.514500022,222.888,11.83333302,119.1666718,145.9666748,118.9000015,102.669,102.892,7.553333282,3.059999943,5.3,0.178000003,0.379000008,353.7968743,352.7465622,350.4962184,349.1566872,347.9699996,346.4680309,584.5999994,586.7157184,588.2272184,590.5367184,592.3399059,594.5772496,.,.,.,.,.,.,124.5,125.3202647,126.2152353,127.1214706,128.0519706,128.9748823
1994,0,0.000,0,0,100.1505959,69.059,66.313,43.55,70.366,70.745,70.4281596,53.717,53.099,51.347,59.895,78.48,82.358,83.683,76.093,49.48619,238.6630668,3.139,262123,0.671499968,0.514750004,224.066,11.93999958,119.6666718,146.6999969,119.3666687,103.027,103.916,7.846666813,3.24333334,13.4,0.177509934,0.38499999,349.7999992,348.8448211,347.743214,346.7161068,345.2804283,344.6826293,590.3999996,593.5939283,597.3904997,600.7721426,603.4202497,606.3208516,.,.,.,.,.,.,124.9,125.7361724,126.5365862,127.3673448,128.2422414,129.1529285
1994.25,0,0.000,0,0,100.6285445,70.003,66.805,44.019,70.923,71.209,70.91599434,56.847,54.376,52.384,61.879,78.81,81.893,83.726,76.899,49.97567,242.5736286,3.1,262877,0.671999991,0.514999986,227.408,11.97999954,120.3000031,147.5333252,120.0333328,103.412,103.583,8.596666336,3.986666679,0,0.177509934,0.38499999,338,340.2193527,339.6342056,338.2289115,335.971333,334.8324542,588.8999996,595.1141512,598.4721512,601.0160603,604.1452118,607.2736966,.,.,.,.,.,.,125.7,126.4930294,127.3301176,128.2432353,129.1934242,130.1495757
1994.5,0,0.000,0,0,101.2263321,70.454,67.34,44.482,71.534,71.727,71.45880644,55.825,54.916,53.366,61.204,80.192,84.14,86.484,77.761,50.47681,243.6454201,3.047,263724,0.672500014,0.515500009,229.539,12.05666733,121.1666641,148.8999939,120.9666672,104.049,103.603,8.840000153,4.476666451,0,0.177509934,0.38499999,337.7551724,337.5597238,336.2637584,334.052517,333.3141721,332.5933211,581.6482757,587.344517,590.5645169,594.0185169,597.0293445,600.858333,.,.,.,.,.,.,125.9241379,126.8663448,127.7889655,128.7788965,129.743862,130.7468214
1994.75,0,0.000,0,0,101.7476873,71.237,68.004,46.046,72.293,72.051,71.90109157,58.428,56.419,55.729,60.401,79.5,81.83,82.395,78.034,50.993,244.6248818,2.974,264559,0.672999978,0.516000032,230.663,12.14999962,121.6999969,149.7666626,121.4333344,104.471,104.097,9.206666946,5.279999733,0,0.177509934,0.38499999,342.2857137,339.0623569,336.3391068,335.0013925,333.9442854,333.2301067,587.7107135,591.1874997,594.7369281,598.4121781,602.2313568,605.7857496,.,.,.,.,.,.,126.425,127.3471071,128.33175,129.2921071,130.2752857,131.2584285
1995,0,0.000,0,0,102.3315409,71.412,68.084,45.091,72.553,72.394,72.22200244,59.022,57.707,58.007,59.06,79.816,81.63,82.174,78.659,51.48654,246.8519138,2.975,265270,0.673500001,0.516499996,232.493,12.22666645,123.0333328,150.8666687,123.4333344,104.956,104.966,8.876667023,5.736666679,0,0.181470141,0.386000007,329.3499998,331.1092219,330.4656663,329.1629625,327.8732589,327.743391,591.7999993,596.2982853,600.0177854,603.8014282,607.2075354,609.8642605,.,.,.,.,.,.,127.0071429,127.9113214,128.7679643,129.7088571,130.6340357,131.6940416
1995.25,0,0.000,0,0,102.7848809,71.565,68.642,45.55,72.909,73.048,72.79266257,57.435,57.488,58.41,57.161,80.083,81.307,82.028,79.279,51.9797,247.4737621,2.939,265998,0.674000025,0.51700002,232.726,12.28333378,124.3333359,152.1000061,124.9333344,105.398,105.443,8.233333588,5.596666813,0,0.181470141,0.386000007,326.5862745,326.7492938,325.846882,324.9334311,324.1545997,323.6994597,592.1419994,596.1672797,599.6856197,603.166265,606.3973397,609.6968596,.,.,.,.,.,.,127.6183673,128.5137347,129.4308979,130.347449,131.3475306,132.3293877
1995.5,0,0.000,0,0,103.2674214,72.167,69.255,46.836,73.168,73.569,73.24152354,56.882,58.247,58.801,58.929,79.907,80.754,81.047,79.329,52.48813,247.5640494,2.914,266843,0.674499989,0.517500043,234.619,12.39333344,124.3666687,152.8666687,125.1999969,105.855,106.146,8.053333282,5.366666794,0,0.181470141,0.386000007,324.6379994,323.8521629,322.6235508,321.0238956,319.5224997,318.8439571,595.3919996,598.4318539,601.3579997,604.3583121,607.524958,610.2721486,.,.,.,.,.,.,128.0040816,128.7674375,129.5970416,130.4700833,131.381125,132.2633617
1995.75,0,0.000,0,0,103.7911105,72.67,69.742,47.649,73.546,73.985,73.64540889,58.483,59.461,59.984,60.265,79.013,77.722,78.495,79.72,53.014,248.2366757,2.843,267715,0.675000012,0.518000007,234.285,12.46000004,125.1666641,153.6999969,125.4666672,106.196,107.148,7.639999866,5.260000229,0,0.181470141,0.386000007,328.6116277,324.524302,322.8014183,320.9616509,321.0551857,318.7179067,598.36279,602.3300462,605.3238137,608.6149066,611.7617903,615.235767,.,.,.,.,.,.,128.3113636,128.9457954,129.6986363,130.4647727,131.1997727,131.9977954
1996,0,0.000,0,0,104.3926307,73.168,70.38,48.167,74.022,74.709,74.29919609,59.254,60.964,61.473,61.85,79.519,79.341,80.026,79.556,53.56173,244.7730917,2.742,268364,0.675500035,0.51849997,233.057,12.55333328,125.8333359,155.0666656,126.3000031,106.636,108.115,7.710000038,4.929999828,0,0.185985118,0.38499999,460.1749997,458.4430354,457.2613101,455.6716204,453.8421721,452.8268458,793.8133329,796.1541997,800.9103331,804.485333,808.4887664,812.7872689,.,.,.,.,.,.,108.4964286,109.15175,109.7642143,110.4367143,111.1259285,111.8267307
1996.25,0,0.000,0,0,104.7936371,74.432,71.177,49.699,74.973,75.206,74.91705353,62.323,62.947,63.24,64.462,80.661,80.472,81.117,80.706,54.14074,247.9927883,2.805,269108,0.675999999,0.518999994,235.492,12.71666622,127.0999985,156.3999939,127.8333359,107.141,109.201,8.296666145,5.019999981,0,0.185985118,0.38499999,464.2794864,461.5482628,459.8716049,456.9745523,455.1931839,453.524297,792.5,797.3132365,800.9726049,805.181526,808.8965524,812.6892102,.,.,.,.,.,.,109.2,109.8665,110.543147,111.2292353,111.937,112.6519117
1996.5,0,0.000,0,0,105.1238679,75.08,71.603,50.051,75.506,75.608,75.35302018,65.466,64.403,65.345,64.284,80.583,79.053,79.396,81.434,54.73492,252.4131574,2.82,269976,0.676249981,0.519249976,237.391,12.81333351,127.3333359,157.3000031,128.1666718,107.367,110.155,8.293334007,5.096666813,0,0.185985118,0.38499999,472.3999996,469.122026,466.8888681,465.1998155,463.6159456,461.8837774,804.8307685,808.0474471,812.0141839,815.735026,819.5197295,822.743583,.,.,.,.,.,.,109.6,110.2676571,110.9607714,111.7034285,112.4450294,113.1840606
1996.75,0,0.000,0,0,105.7062675,75.899,72.186,51.028,76.118,76.053,75.8425418,65.288,65.479,67.112,63.62,81.266,78.825,78.886,82.662,55.349,254.2556319,2.821,270878,0.676499963,0.519500017,239.834,12.89333344,128.0666656,158.6666718,128.4333344,107.919,110.589,7.916666508,4.976666451,0,0.185985118,0.38499999,468.5055553,466.4279442,465.1127774,463.503083,461.7783886,460.9091711,805.7972218,810.1982219,814.0249163,817.5744441,821.0725553,824.5776108,.,.,.,.,.,.,110.1,110.7197576,111.4102424,112.1315454,112.8457187,113.5796875
1997,0,0.000,0,0,106.3896552,76.483,72.913,52.411,76.581,76.671,76.41786189,66.812,66.758,68.825,63.835,81.411,77.764,76.352,83.534,55.98514,254.7410963,2.752,271585,0.676750004,0.519749999,241.359,13.01000023,127.9333344,159.6333313,128.5,108.59,111.205,8.069999695,5.059999943,0,0.191246033,0.386000007,467.0894731,466.6979733,465.8248945,464.868526,464.0579733,462.8501996,812.0999994,815.9158944,819.8577628,824.0185786,827.8732892,832.2637711,.,.,.,.,.,.,110.7,111.3243939,112.0069697,112.7148485,113.4429091,114.2418666
1997.25,0,0.000,0,0,106.6364327,77.617,73.208,52.242,76.623,77.191,76.80752095,71.078,68.196,70.533,64.643,82.116,79.142,78.151,83.832,56.63229,257.1597338,2.737,272342,0.676999986,0.519999981,242.717,13.06000042,127.5,160,127.1999969,108.758,112.102,8.186666489,5.046666622,0,0.191246033,0.386000007,458.7864857,458.2489997,457.4240283,455.7999996,453.5835997,451.8467997,813.8945942,818.4680267,822.092297,826.2882699,830.3257565,833.8615275,.,.,.,.,.,.,111.4114706,112.0558529,112.7211764,113.4128823,114.1455,114.9003636
1997.5,0,0.000,0,0,107.0084361,78.591,74.453,54.571,77.856,78.109,77.8080933,72.342,70.823,74.129,64.939,82.208,78.884,77.772,84.135,57.32989,258.0181403,2.74,273237,0.676999986,0.520249963,244.131,13.14333344,127.2000046,160.8000031,127.1999969,109.09,113.406,7.75666666,5.046666622,0,0.191246033,0.386000007,461.9857143,459.4637426,457.8873997,457.0349997,456.7019426,455.9244569,810.3999996,815.733514,819.9567997,824.1654282,828.757514,832.8127997,.,.,.,.,.,.,112.1684848,112.7500606,113.3881212,114.0710606,114.7732121,115.5035312
1997.75,0,0.000,0,0,107.4033386,79.194,75.305,55.964,78.404,78.904,78.53477176,73.497,71.431,74.725,65.606,82.344,78.776,78.199,84.419,58.076,259.194321,2.731,274126,0.676999986,0.520500004,245.276,13.31999969,127.3666687,161.6666718,127.5,109.429,115.577,7.436666965,5.089999676,0,0.191246033,0.386000007,458.7861103,458.4426942,457.8953607,457.8298053,457.2415831,456.5028053,814.5,818.2152775,822.4935274,826.8493331,830.7914997,835.0673608,.,.,.,.,.,.,112.66,113.218,113.8449117,114.4840882,115.1368235,115.8140294
1998,0,0.000,0,0,107.5854995,79.942,76.054,56.433,78.983,79.782,79.33124955,77.005,73.582,77.309,66.775,81.849,76.319,73.543,85.101,58.86814,260.8522632,2.732,274838,0.676999986,0.520750046,246.962,13.39333344,126.1333313,162,125.0333328,109.501,117.748,7.253333569,5.053333282,0,0.191119865,0.386999995,459.4806451,458.0966535,458.1888843,458.1456151,457.9862689,457.8815196,819,823.0034228,827.2328074,831.5034613,835.4551151,839.6091196,.,.,.,.,.,.,113.1013793,113.6555714,114.2155,114.8099285,115.4262143,116.104
1998.25,0,0.000,0,0,107.8414599,80.661,77.362,59.31,79.959,80.755,80.30103031,76.084,76.146,80.139,68.782,83.628,78.419,76.359,86.686,59.74192,261.8631486,2.692,275564,0.676999986,0.521000028,247.949,13.4333334,126.2666626,162.5333405,124.9333344,109.583,119.286,7.253333569,4.976666451,0,0.191119865,0.386999995,446.3555551,449.0819627,448.5187035,448.0478146,447.4189613,447.0918074,821.8999996,826.8630737,831.5801478,836.3084811,841.0649228,845.7281151,.,.,.,.,.,.,113.328,113.75792,114.21016,114.77088,115.38664,115.9644
1998.5,0,0.000,0,0,108.2544111,81.726,78.388,61.022,80.548,81.736,81.17689332,78.264,77.595,81.347,70.847,84.402,77.767,77.308,88.313,60.68273,262.9379046,2.669,276418,0.676999986,0.52125001,248.312,13.44666672,126.0333328,163.3666687,124.3000031,109.83,121.141,7.126666546,4.823333263,0,0.191119865,0.386999995,453.7417857,453.4749286,453.3052143,453.4261071,453.3141429,453.3485714,841.2,845.34575,849.5387857,853.7865357,858.0026786,862.1878214,.,.,.,.,.,.,112.576,112.9831333,113.4759333,114.0312333,114.6063667,115.2001333
1998.75,0,0.000,0,0,108.58191,83.14,79.59,64.644,81.65,82.305,81.88242012,80.781,79.967,84.031,72.544,85.157,78.529,76.7,89.063,61.723,264.2650091,2.664,277277,0.676999986,0.521499991,251.216,13.53999996,126.1666641,164.1333313,123.4666672,109.918,121.71,7.25,4.253333092,0,0.191119865,0.386999995,452.13,452.2543,452.5106333,452.2590333,452.1692,451.8354667,847.44,851.8172,856.1646333,860.4093667,864.7109667,868.9330333,.,.,.,.,.,.,112.7975,113.1818125,113.6699687,114.147375,114.6790312,115.2085625
1999,15,0.002,0,0,109.0664155,83.881,80.376,64.804,83.158,83.001,82.78356071,83.324,81.449,85.98,72.975,85.593,78.01,75.772,90.065,62.80886,265.044318,2.644,277992,0.676999986,0.521750033,251.158,13.64000034,126.1333313,164.7333374,122.5999985,110.234,124.064,7.403333187,4.406666756,0,0.199018076,0.389999986,461.1741935,460.268871,461.2210968,461.8739032,462.2823548,463.6835,851.7,856.6763871,861.6146774,866.202,870.8695161,875.0201379,.,.,.,.,.,.,113.0945455,113.4475455,113.8360606,114.2661212,114.7291818,115.2195806
1999.25,0,0.000,0,0,109.4502999,84.537,81.64,67.921,83.939,83.939,83.67744915,83.033,83.356,88.39,73.76,85.95,78.009,75.81,90.636,63.98227,265.8333028,2.664,278717,0.676999986,0.522000015,253.262,13.80333328,127.6333313,165.9666595,124.5,110.395,124.307,7.740000248,4.453333378,0,0.199018076,0.389999986,459.7742857,461.3625429,462.2508571,462.8410286,463.4308,464.0052,865,868.9958571,873.9076857,878.8203714,884.3417714,888.9495714,.,.,.,.,.,.,113.4832432,113.8874595,114.3125946,114.8303784,115.3832432,115.9051892
1999.5,0,0.000,0,0,109.857263,85.612,82.622,69.575,84.338,84.947,84.52239934,85.118,85.295,90.931,74.373,87.061,79.646,78.056,91.435,65.20994,265.1468263,2.611,279602,0.676999986,0.522000015,254.067,13.94333363,129,167.1999969,126.8666687,110.751,125.348,8.099999428,4.650000095,0,0.199018076,0.389999986,454.6708571,456.9097143,458.5075143,459.5526571,459.8755714,460.6509143,865.5,869.9003429,874.7819714,879.7674,884.4922,889.3874857,.,.,.,.,.,.,113.9813514,114.4532432,114.9378108,115.4991351,116.0452162,116.6352162
1999.75,0,0.000,0,0,110.2445237,87.149,83.787,70.44,86.066,85.988,85.74047255,88.138,85.777,91.216,75.283,88.438,81.416,79.904,92.579,66.468,268.7926001,2.609,280471,0.676999986,0.522000015,255.409,14.01666641,130.3333282,168.4333344,127.9333344,110.963,127.787,8.239999771,5.04333353,0,0.199018076,0.389999986,538.296875,539.1159687,540.8669375,542.8322187,544.2778125,545.8043125,993.4,998.958125,1005.484344,1011.325531,1017.219187,1022.070031,.,.,.,.,.,.,104.3851282,104.8085641,105.2692564,105.733,106.2095385,106.7054103
2000,0,0.000,0,0,111.12192,87.377,85.058,74.402,85.323,87.289,86.50054678,86.908,88.286,94.608,75.872,87.714,78.194,75.179,93.332,67.80119,273.5594532,2.627,281190,0.676999986,0.522000015,257.075,14.15333366,131.9666595,170.1000061,129.6333313,111.794,132.416,8.329999924,5.519999981,1.7,0.201851904,0.39199999,560.1,556.7409091,558.5453636,560.2311515,562.8414242,565.3115172,1007.5,1014.0405,1021.097937,1028.077219,1034.804187,1039.36725,.,.,.,.,.,.,104.936,105.4240667,105.9035,106.3715667,106.8816,107.3775357
2000.25,0,0.000,0,0,111.6859936,89.081,85.858,73.063,87.027,88.303,87.69450602,92.924,90.505,98.098,75.355,88.884,81.324,78.647,93.347,69.10696,273.4567699,2.629,281877,0.676999986,0.522000015,257.629,14.25,133.3000031,171.4333344,132.0333405,112.338,132.988,8.593333244,5.71333313,0,0.201851904,0.39199999,535.19375,541.6393125,543.6998125,545.8301562,547.8022187,550.7818333,1029.322581,1034.562387,1042.166452,1049.764742,1057.704161,1064.272414,.,.,.,.,.,.,105.8660606,106.4752121,107.0392121,107.6219091,108.2502121,108.8431613
2000.5,0,0.000,0,0,112.3592355,89.156,86.698,74.327,87.619,89.122,88.45307607,91.471,90.824,99.182,74.032,88.604,79.747,77.03,93.827,70.42419,273.5723645,2.63,282649,0.676750004,0.522249997,257.113,14.35666656,134.0333252,173,133.7666626,112.884,135.784,8.320000648,6.016666889,0,0.201851904,0.39199999,559.0933333,555.4549333,557.6947667,558.1263667,561.7769333,564.4382759,1028.7,1034.379133,1041.240533,1048.495733,1055.2201,1062.518345,.,.,.,.,.,.,106.8232258,107.4084839,108.0252903,108.6570323,109.2548387,109.8856
2000.75,0,0.000,0,0,112.949913,89.684,87.465,74.873,88.475,89.904,89.25441413,91.512,91.097,99.566,74.096,88.874,79.379,77.09,94.47,71.732,274.2016447,2.646,283439,0.676499963,0.522500038,256.125,14.50333309,134.6999969,174.2333374,135.5333252,113.403,136.762,8.21333313,6.016666889,0,0.201851904,0.39199999,544.19375,548.9846875,551.4660312,554.062625,556.9163437,559.5250312,1024.76875,1032.382937,1039.660281,1046.35625,1053.155531,1059.286781,.,.,.,.,.,.,107.3152941,107.8867647,108.5322941,109.1717059,109.7978235,110.3609412
2001,0,0.000,0,0,113.7188437,89.388,87.814,76.143,87.959,90.327,89.43371277,86.671,90.552,98.619,74.435,90.188,81.069,78.447,95.564,73.03452,273.1937386,2.646,284113,0.676249981,0.52275002,256.169,14.53999996,134.6999969,175.9000092,137.7666626,113.952,139.94,7.880000114,4.816666603,0,0.18742004,0.38499999,551.896875,552.8058125,556.466375,559.4928125,562.6925312,565.8467097,1037.1,1043.761094,1050.386031,1057.064,1063.890812,1071.210613,.,.,.,.,.,.,107.7753333,108.3865,108.9738333,109.5461667,110.1366333,110.6755862
2001.25,0,0.000,0,0,114.4919643,89.974,88.145,76.105,88.379,90.71,89.82565498,86.393,89.137,96.029,75.482,92.061,82.805,79.544,97.518,74.31797,271.9637007,2.642,284775,0.675999999,0.523000002,254.412,14.68999958,135.9666748,177.1333313,136.2333374,114.7,140.464,8.03666687,3.659999847,0,0.18742004,0.38499999,558.59375,560.4324375,563.9619062,567.5825937,570.869375,574.1345,1046,1054.035281,1060.671406,1067.208187,1073.699875,1081.085937,.,.,.,.,.,.,108.59,109.2147419,109.7888065,110.4163226,110.9629677,111.5020645
2001.5,97.1,0.009,0,1,114.8506024,89.727,88.533,77.026,88.807,90.954,90.11749591,84.571,88.203,94.445,75.89,91.893,83.361,80.267,96.931,75.60745,270.5382914,2.663,285526,0.676249981,0.523499966,252.956,14.85000038,134.8666687,177.6333313,133.3666687,114.816,140.998,7.949999809,3.170000076,0,0.18742004,0.38499999,554.3967742,557.4747742,560.5677097,563.561871,566.5089677,568.9990968,1069.7,1075.895,1082.839742,1089.137097,1096.034065,1102.806419,.,.,.,.,.,.,109.2675,109.7340937,110.2947812,110.8562187,111.4302187,112.0361562
2001.75,0,0.000,0,0,115.2003465,90.044,89.919,83.497,89.576,91.359,90.6151432,79.696,85.988,91.453,75.245,93.525,84.368,81.374,98.931,77.005,268.9684214,2.666,286288,0.676499963,0.523999989,251.311,14.95333385,132.6666718,177.5,129.4000092,114.859,142.294,7.923333168,1.906666756,0,0.18742004,0.38499999,561.0703704,569.2012222,578.3003704,586.6204444,591.4090769,595.6386538,1068.477778,1075.123222,1080.397,1086.960222,1094.267462,1100.842115,.,.,.,.,.,.,109.8013793,110.1431724,110.6342069,111.0873448,111.5584643,112.0595
2002,296.3,0.029,0,0,115.6015327,90.818,90.229,82.541,89.94,91.951,91.14511859,82.373,85.225,89.315,77.254,94.958,86.376,83.128,100.03,78.39703,268.9928017,2.655,286931,0.676750004,0.524500012,249.69,15.10999966,132.1666718,178.0666656,128.8999939,114.878,143.63,7.95666647,1.723333359,-82.4,0.176503122,0.379999995,572.4954545,580.1366061,588.4575758,595.2003333,599.4687273,603.9139062,1087,1090.250437,1095.398156,1100.643406,1107.683219,1112.505387,.,.,.,.,.,.,109.7379412,110.1842647,110.6558235,111.0943235,111.6050588,112.1684242
2002.25,0,0.000,0,0,116.1228491,91.299,90.688,83.409,90.055,92.436,91.53208205,83.36,84.887,87.869,79.149,95.87,88.372,85.041,100.302,79.80513,269.6124237,2.712,287552,0.676999986,0.524999976,250.777,15.22000027,133.6333313,179.4666748,130.8333282,115.312,145.033,8.023333549,1.716666698,0,0.176503122,0.379999995,591.903125,598.3174062,604.2235312,608.9816562,614.1292258,620.0759032,1103.3875,1107.600312,1113.030562,1118.692781,1124.094419,1130.428452,.,.,.,.,.,.,110.0180556,110.5317222,111.03025,111.5699444,112.1682571,112.7600286
2002.5,93,0.009,0,0,116.6321548,91.756,91.303,85.851,90.311,92.761,91.83747884,83.533,84.739,87.417,79.61,96.646,89.772,86.482,100.711,81.24638,270.2979729,2.729,288279,0.676999986,0.525249958,250.416,15.32999992,134.1000061,180.4333344,131.6666718,115.671,145.879,7.626666546,1.643333316,0,0.176503122,0.379999995,608.5991176,616.5954412,623.2487353,628.1282353,634.3970294,638.7504848,1096.291429,1099.630543,1103.445429,1107.974514,1113.534829,1119.390853,.,.,.,.,.,.,110.4645714,110.9760857,111.4376571,111.9845429,112.5132286,113.0708824
2002.75,0,0.000,0,0,117.3184418,91.775,91.627,84.719,91.455,93.125,92.39858737,83.473,84.054,85.771,80.826,97.293,91.289,88.476,100.848,82.651,269.5242259,2.721,289016,0.676999986,0.5255,250.765,15.48999977,134.7333374,181.5,133.0666656,116.126,146.544,7.599999905,1.333333373,0,0.176503122,0.379999995,613.1,621.301125,628.9024687,634.8569687,639.5853437,644.7332812,1097.960606,1102.821242,1105.772485,1110.038182,1115.171121,1121.155939,.,.,.,.,.,.,110.7925714,111.2512857,111.7842571,112.2716286,112.7555143,113.2746571
2003,123.8,0.011,0,0,118.1646517,92.146,92.1,84.8,92.435,93.503,92.93002773,83.469,84.066,85.385,81.607,97.091,91.315,87.785,100.511,84.02973,270.7335683,2.705,289614,0.676999986,0.525750041,249.248,15.61666679,137.3333282,183.3666687,138.0333405,116.603,148.911,7.119999886,1.156666636,0,0.164000586,0.358999997,630.2030303,641.4290303,651.5281818,658.9763939,664.1003333,667.9032424,1105.3,1107.494333,1110.521727,1113.595273,1117.426455,1122.302303,.,.,.,.,.,.,111.2416216,111.740973,112.2275946,112.6831622,113.1840541,113.7595946
2003.25,0,0.000,1,0,118.5183191,92.881,92.956,88.116,92.864,93.971,93.38527392,83.955,86.215,87.682,83.465,98.534,95.718,95.191,100.201,85.43906,270.8007201,2.716,290237,0.676999986,0.526000023,248.337,15.67333317,136.1333313,183.0666656,137.1666718,116.758,151.768,6.473333359,1.039999962,0,0.164000586,0.358999997,635.5,650.3413437,659.4375,665.37175,670.5334375,675.9685,1103.8,1105.774187,1108.516812,1111.339062,1115.563625,1119.797625,.,.,.,.,.,.,111.9541176,112.4339412,112.8845588,113.3971176,113.9601471,114.4754706
2003.5,41,0.004,0,0,119.1861327,94.438,94.253,91.652,94.686,94.614,94.3214253,87.002,88.992,89.679,87.722,98.824,95.812,94.066,100.608,86.88605,270.4389423,2.724,290953,0.676999986,0.526250005,248.944,15.77999973,136.8333282,184.4333344,138.0666656,117.343,153.594,6.806666851,0.930000007,-126.4,0.164000586,0.358999997,668.9151852,671.2302963,676.6265926,681.8515556,687.3885185,692.503,1100.5,1102.238385,1103.702385,1107.053154,1110.357231,1114.334885,.,.,.,.,.,.,112.1734483,112.585069,113.0175172,113.5572069,114.0779655,114.5572069
2003.75,78.2,0.007,0,0,119.8104693,95.288,94.773,92.244,95.066,95.168,94.83064941,90.22,90.584,90.845,90.101,98.895,96.511,95.929,100.31,88.329,272.3271459,2.732,291679,0.676999986,0.526499987,249.931,15.88333321,137.8666687,185.1333313,139.2333374,117.831,154.772,6.663333416,0.916666687,0,0.164000586,0.358999997,671.715625,677.921,684.0609375,691.275,699.6897187,704.5617187,1107.7125,1109.418,1112.803094,1116.461969,1120.803312,1124.624219,.,.,.,.,.,.,112.6747059,113.1097941,113.6174118,114.1146765,114.6205,115.1314412
2004,0,0.000,0,0,120.8557822,95.959,95.676,93.265,95.962,96.052,95.71436323,90.691,90.404,90.124,90.904,99.366,97.749,97.359,100.325,89.78012,273.8247919,2.75,292230,0.676999986,0.526750028,251.121,15.97666645,139.5,186.6999969,142.1999969,118.798,154.328,6.273333549,0.916666687,0,0.165595233,0.35800001,715.4,725.7544667,733.4980333,738.5086333,742.1712333,744.7114483,1200.16,1204.449567,1207.7223,1212.333267,1216.817733,1221.494241,.,.,.,.,.,.,106.163875,106.54625,106.9224062,107.3145625,107.8134062,108.257129
2004.25,25,0.002,0,0,121.8778779,96.641,96.193,93.919,96.217,96.633,96.20956515,94.63,93.189,92.555,94.324,99.73,98.304,97.871,100.575,91.23126,272.9095677,2.737,292850,0.676999986,0.52700001,251.275,16.07999992,142.6666718,188.1666565,146.2666626,119.785,156.438,6.663333416,1.076666594,0,0.165595233,0.35800001,732.8994,740.6207,747.1129333,751.6840667,755.651,761.1572759,1188.432967,1193.5469,1197.988967,1202.724933,1207.766966,1213.257897,.,.,.,.,.,.,106.919625,107.4431562,107.9103125,108.4055937,108.9530645,109.4561613
2004.5,0,0.000,0,0,122.7568284,97.351,97.016,95.768,96.921,97.294,96.87916837,95.857,95.166,95.095,95.284,100.094,100.01,100.708,100.14,92.69827,274.4561678,2.695,293562,0.677249968,0.527500033,252.257,16.22333336,143.6999969,189.3666687,147.6999969,120.545,158.934,6.449999809,1.486666679,0,0.165595233,0.35800001,718.1,725.5703846,729.9737692,734.6219615,738.7849615,742.4302308,1228.696154,1231.728538,1236.382077,1241.525885,1247.218769,1253.806577,.,.,.,.,.,.,108.1574138,108.6990345,109.2741724,109.8932759,110.5023448,111.0797931
2004.75,0,0.000,0,0,123.6814502,98.195,98.132,97.34,97.925,98.359,97.92413892,97.833,96.779,97.197,96.032,99.482,98.778,98.201,99.895,94.174,276.2071105,2.668,294300,0.67750001,0.527999997,252.989,16.30333328,145.8666687,191.3999939,150.5333252,121.507,160.661,6.186666489,2.00666666,0,0.165595233,0.35800001,726.1,731.4996897,736.8183103,741.5283103,745.8402069,749.8810345,1226.9,1231.298517,1237.331931,1242.888828,1249.557621,1256.160276,.,.,.,.,.,.,108.508303,108.9946667,109.5641818,110.1112121,110.6553636,111.2325152
2005,100,0.008,0,0,124.8248046,99.175,98.866,97.992,99.045,98.978,98.66808346,99.911,97.968,98.086,97.773,99.577,99.19,99.068,99.806,95.64169,277.3722617,2.683,294928,0.677749991,0.528499961,254.423,16.41666603,147.3666687,192.4333344,152.0666656,122.503,161.735,5.966666698,2.536666632,68.1,0.170652613,0.351000011,729.4885294,735.2778824,740.1470294,744.6751471,748.1142353,751.6558788,1224.948485,1230.933091,1235.971848,1241.855667,1248.248182,1253.645576,.,.,.,.,.,.,109.1103333,109.6737273,110.2510606,110.8012727,111.3630303,111.9768182
2005.25,0,0.000,0,0,125.6732063,99.598,99.818,100.733,99.65,99.7,99.35789042,98.124,99.704,99.516,100.049,99.685,99.286,99.826,99.922,97.12654,279.5811432,2.637,295518,0.677999973,0.528999984,255.628,16.51000023,149.5333405,193.6333313,154.5333405,123.324,162.552,5.973333359,2.863333225,0,0.170652613,0.351000011,729.8,734.7952558,739.1899767,743.4058372,747.044122,750.9450732,1226.8,1231.926614,1238.320932,1244.460341,1251.16878,1256.931195,.,.,.,.,.,.,110.0399545,110.6903023,111.293,111.9244318,112.5454048,113.1633902
2005.5,0,0.000,0,0,126.9665385,100.354,100.528,101.917,100.174,100.384,100,99.205,100.975,100.919,101.073,100.59,101.608,102.492,99.995,98.59906,281.3061795,2.625,296244,0.677999973,0.529500008,256.28,16.59666634,152.3333282,196.4666595,158.6999969,124.678,164.919,5.980000019,3.360000134,0,0.170652613,0.351000011,734.2,738.30614,742.20704,746.04032,749.85584,753.25548,1247.2,1251.71506,1257.43728,1263.09848,1270.30556,1276.61362,.,.,.,.,.,.,111.6176981,112.1890755,112.8303962,113.4980577,114.1417115,114.7690577
2005.75,0,0.000,0,0,128.0382263,100.873,100.788,99.359,101.132,100.937,100.6543829,102.761,101.352,101.479,101.105,100.147,99.915,98.614,100.277,100,281.8133205,2.596,297001,0.677999973,0.529999971,256.936,16.68000031,154.0333405,198.6333313,164.3000031,125.751,166.05,6.336666584,3.826666832,0,0.170652613,0.351000011,749.9,755.05192,760.89572,765.03992,768.41204,771.64234,1249.8,1256.0333,1262.32864,1268.81088,1275.75378,1282.718,.,.,.,.,.,.,112.51894,113.23788,113.95036,114.61602,115.2666,115.93138
2006,0,0.000,0,0,129.0021136,102.196,101.901,103.327,101.793,101.67,101.369059,104.258,103.67,105.759,100.031,101.147,102.763,101.115,100.205,101.4153,283.4732078,2.625,297640,0.677999973,0.530499995,259.262,16.70666695,154.1999969,199.5666656,162.7666626,126.382,168.394,6.306666374,4.393333435,0,0.172476724,0.352999985,736.3270833,748.0151042,753.2441875,757.7608542,761.3009792,764.1734884,1249.845833,1256.970667,1263.859687,1270.710042,1278.24525,1284.985837,.,.,.,.,.,.,113.4098846,114.0894808,114.7333462,115.3666538,116.0212885,116.740375
2006.25,227.7,0.017,0,0,130.1411801,102.564,102.45,103.064,102.191,102.421,102.0282804,104.098,103.186,107.643,95.502,101.232,101.887,101.384,100.851,102.8013,285.3691887,2.612,298273,0.677999973,0.531000018,259.657,16.76000023,158.3999939,201.2333374,165.4000092,127.388,169.065,6.736666679,4.703333378,0,0.172476724,0.352999985,764,765.4475862,770.0833563,773.687233,777.3693784,780.5833774,1249.3,1255.627062,1261.835927,1268.906188,1274.898937,1281.097167,.,.,.,.,.,.,114.4487816,115.1963434,115.8727979,116.5706857,117.2966581,117.947306
2006.5,0,0.000,0,0,131.1301076,102.592,103.081,104.216,102.851,102.945,102.5873114,102.643,101.88,108.811,89.988,101.386,101.792,100.892,101.149,104.1929,286.9538757,2.612,299029,0.677999973,0.53125,260.791,16.81333351,158.6666718,203.0333405,166.6999969,128.312,169.661,6.593333244,4.906666756,0,0.172476724,0.352999985,738.7,744.6509304,749.0039505,752.4947478,755.0560843,758.9882391,1251.164444,1258.043014,1265.130267,1271.872259,1278.355133,1284.52579,.,.,.,.,.,.,115.9097959,116.6816556,117.4401598,118.2518215,118.9921056,119.7151189
2006.75,0,0.000,0,0,131.7144212,103.341,104.112,105.647,104.383,103.731,103.559647,99.712,100.499,109.44,85.194,101.67,102.066,102.963,101.437,105.61,288.8875075,2.629,299848,0.677999973,0.531499982,262.299,16.94000053,156.3999939,202.5,164.1333313,128.722,173.258,6.279999733,4.903333187,0,0.172476724,0.352999985,739.8,744.850369,749.6616622,752.2735619,755.9249073,760.0248755,1260.8,1268.795536,1275.841789,1282.755168,1289.380904,1296.457121,.,.,.,.,.,.,116.43006,116.9872035,117.7620638,118.4435449,119.1039469,119.7901944
2007,0,0.000,0,0,133.0953575,103.652,105.059,107.074,105.177,104.641,104.4378772,98.176,99.838,110.561,81.521,101.671,100.738,100.952,102.203,107.0697,287.7010486,2.585,300535,0.677999973,0.531750023,261.942,17.05666733,158.0666656,204.4263306,166.6999969,129.994,175.153,6.296666622,4.983333588,0,0.174077198,0.352999985,747.0909091,751.1950932,753.4979207,756.6225162,759.4728683,762.0232319,1270.5,1278.210171,1287.524317,1293.654661,1301.462105,1307.370631,.,.,.,.,.,.,116.8894434,117.5692885,118.2012771,118.8262008,119.4833575,120.1181298
2007.25,0,0.000,0,0,133.9765494,104.475,105.358,107.634,104.961,105.068,104.700899,99.539,100.726,113.579,78.764,102.764,102.558,103.059,102.875,108.5081,287.1529056,2.611,301200,0.677999973,0.532000005,262.588,17.23999977,163.2333374,206.5416718,172.8333282,130.908,176.487,6.49333334,4.736666679,0,0.174077198,0.352999985,741.4978723,747.4985714,751.4798735,754.7867412,757.5293224,760.1167336,1278.9,1285.28135,1292.341244,1299.338609,1305.284214,1311.311811,.,.,.,.,.,.,118.0694314,118.8159296,119.4653689,120.0970814,120.8511902,121.5022244
2007.5,0,0.000,0,0,134.5316028,105.402,105.858,109.001,105.507,105.403,105.0887914,99.736,100.626,116.219,73.932,103.757,104.871,105.546,103.11,109.8824,288.3772641,2.606,301967,0.677999973,0.532249987,261.844,17.34000015,163.8666687,207.7466736,173.6666718,131.355,177.778,6.630000114,4.303333282,0,0.174077198,0.352999985,752.3022222,755.4365138,758.8952804,761.0682983,763.9505521,766.4563568,1263.097778,1270.344978,1276.41402,1282.380736,1288.074842,1293.731886,.,.,.,.,.,.,119.5389583,120.0540119,120.6870511,121.4238042,122.0949054,122.7251628
2007.75,739.3,0.052,0,0,135.3181007,105.957,106.175,110.464,105.973,105.477,105.2625617,97.753,99.564,118.109,67.745,104.169,105.57,105.668,103.356,111.137,290.1254536,2.628,302754,0.677999973,0.532500029,262.711,17.38999939,166.4666595,210.6786652,177.4333344,131.884,179.64,6.510000229,3.390000105,0,0.174077198,0.352999985,763.5,766.6078862,769.1467809,772.823399,776.2487588,779.6872555,1269.8,1275.870736,1282.362986,1288.16347,1294.418873,1300.739773,.,.,.,.,.,.,119.7599149,120.3800896,121.113857,121.7340806,122.3639209,122.9814443
2008,0,0.000,0,0,135.905412,105.764,106.016,107.931,105.165,105.953,105.4079422,95.887,97.969,118.674,62.355,104.845,107.654,107.76,103.234,112.1736,288.3905616,2.622,303399,0.677999973,0.53275001,262.216,17.57999992,170.5,213.0073395,183.8666687,132.066,180.289,6.75,2.043333292,0,0.174676687,0.352999985,764.5,768.2605163,772.2933672,776.3873059,779.5632755,783.6698374,1282,1285.965444,1291.12859,1296.191565,1301.568318,1307.612265,.,.,.,.,.,.,120.6006013,121.3336145,121.9870405,122.6328948,123.2231071,123.8837496
2008.25,0,0.000,0,0,136.5822868,106.147,106.032,106.354,105.738,106.047,105.6262513,93.292,97.291,119.083,59.738,105.782,109.698,109.597,103.549,113.0573,287.8183064,2.645,304006,0.677999973,0.532999992,261.661,17.68333244,178.8999939,215.3583374,196,132.54,180.994,6.989999771,1.626666665,0,0.174676687,0.352999985,773.7,776.9856123,781.4175087,785.0075187,789.0975473,792.2141045,1280.1,1282.983689,1286.5368,1290.496425,1294.799628,1299.190221,.,.,.,.,.,.,121.34,122.1044185,122.8097988,123.4729282,124.2486102,124.8829786
2008.5,0,0.000,0,0,137.9749597,105.43,105.088,103.083,104.219,105.697,104.9724713,91.643,95.199,117.21,57.208,107.036,113.152,114.668,103.576,113.8264,284.6253209,2.652,304733,0.677999973,0.533249974,259.706,17.7966671,183.6999969,218.6203308,200.4666595,133.954,182.994,7.20666647,1.49333334,0,0.174676687,0.352999985,785.2045455,787.8605101,790.8111937,795.2915512,799.4686363,802.4041666,1271.695455,1275.462005,1278.395034,1281.87471,1285.278979,1289.184836,.,.,.,.,.,.,121.9287333,122.8418341,123.6018137,124.302589,124.8942888,125.6033835
2008.75,-243.6,-0.017,0,0,137.9760348,103.984,104.267,97.401,102.929,105.837,104.7462995,85.519,89.964,111.04,53.549,107.346,114.946,115.732,103.061,114.513,280.8511404,2.669,305510,0.677999973,0.533499956,255.775,17.93000031,170.1000061,213.909668,178.0333252,133.627,184.177,8.840000153,0.296666682,0,0.174676687,0.352999985,810.8,808.7556427,814.6414322,820.4437407,824.771446,829.2700714,1278.858696,1281.396274,1283.194158,1286.453905,1289.870251,1293.253489,.,.,.,.,.,.,123.1982128,123.9471868,124.5920782,125.1252781,125.7360054,126.375285
